id,contributors,day,score,temperature_deviation,temperature_trend_deviation,timestamp
4733d34d-da90-40b9-b188-89888180be7c,"{'activity_balance': 80, 'body_temperature': 89, 'hrv_balance': 86, 'previous_day_activity': 87, 'previous_night': 65, 'recovery_index': 25, 'resting_heart_rate': 73, 'sleep_balance': 68, 'sleep_regularity': 86}",2025-01-03,72,0.2,0.14,2025-01-03T00:00:00.000+00:00
075edfb3-0fa0-44c8-af26-b512e32db492,"{'activity_balance': 83, 'body_temperature': 74, 'hrv_balance': 83, 'previous_day_activity': 85, 'previous_night': 68, 'recovery_index': 97, 'resting_heart_rate': 95, 'sleep_balance': 70, 'sleep_regularity': 86}",2025-01-04,81,0.37,0.22,2025-01-04T00:00:00.000+00:00
fd31145a-3032-49a3-bbf8-031c202ee18b,"{'activity_balance': 81, 'body_temperature': 99, 'hrv_balance': 83, 'previous_day_activity': 90, 'previous_night': 81, 'recovery_index': 84, 'resting_heart_rate': 88, 'sleep_balance': 73, 'sleep_regularity': 77}",2025-01-05,82,-0.16,0.09,2025-01-05T00:00:00.000+00:00
ffaa38bb-eb83-4b04-804a-11f2d9b2fd37,"{'activity_balance': 77, 'body_temperature': 91, 'hrv_balance': 84, 'previous_day_activity': 91, 'previous_night': 84, 'recovery_index': 77, 'resting_heart_rate': 99, 'sleep_balance': 73, 'sleep_regularity': 77}",2025-01-06,83,0.17,0.25,2025-01-06T00:00:00.000+00:00
f6e3ed59-9cfc-4539-848e-ca0509f0f838,"{'activity_balance': 87, 'body_temperature': 100, 'hrv_balance': 87, 'previous_day_activity': 95, 'previous_night': 99, 'recovery_index': 100, 'resting_heart_rate': 100, 'sleep_balance': 75, 'sleep_regularity': 79}",2025-01-07,90,0.06,0.17,2025-01-07T00:00:00.000+00:00
10f4bec5-329e-425e-aabe-a4431a827782,"{'activity_balance': 84, 'body_temperature': 98, 'hrv_balance': 86, 'previous_day_activity': 86, 'previous_night': 79, 'recovery_index': 98, 'resting_heart_rate': 99, 'sleep_balance': 76, 'sleep_regularity': 79}",2025-01-08,86,-0.22,-0.08,2025-01-08T00:00:00.000+00:00
f1934c06-1077-4aab-a7b3-cfa03d5df27d,"{'activity_balance': 86, 'body_temperature': 100, 'hrv_balance': 85, 'previous_day_activity': 73, 'previous_night': 76, 'recovery_index': 63, 'resting_heart_rate': 100, 'sleep_balance': 79, 'sleep_regularity': 81}",2025-01-09,81,0.0,0.1,2025-01-09T00:00:00.000+00:00
57178689-2a17-40f1-b29c-05615b772af2,"{'activity_balance': 91, 'body_temperature': 96, 'hrv_balance': 87, 'previous_day_activity': 87, 'previous_night': 81, 'recovery_index': 78, 'resting_heart_rate': 100, 'sleep_balance': 84, 'sleep_regularity': 81}",2025-01-10,87,-0.25,-0.07,2025-01-10T00:00:00.000+00:00
abbe1e1d-ed85-45bd-93bb-a20e0d7a92a9,"{'activity_balance': 91, 'body_temperature': 100, 'hrv_balance': 91, 'previous_day_activity': 79, 'previous_night': 79, 'recovery_index': 96, 'resting_heart_rate': 88, 'sleep_balance': 82, 'sleep_regularity': 81}",2025-01-11,86,0.02,-0.05,2025-01-11T00:00:00.000+00:00
725553aa-c027-4bcb-a688-6a3001c8b3ff,"{'activity_balance': 94, 'body_temperature': 96, 'hrv_balance': 90, 'previous_day_activity': 90, 'previous_night': 85, 'recovery_index': 98, 'resting_heart_rate': 97, 'sleep_balance': 84, 'sleep_regularity': 81}",2025-01-12,90,-0.27,-0.12,2025-01-12T00:00:00.000+00:00
70a7d9b4-ac17-4992-8b7a-292706d8e7b3,"{'activity_balance': 93, 'body_temperature': 100, 'hrv_balance': 94, 'previous_day_activity': 87, 'previous_night': 81, 'recovery_index': 95, 'resting_heart_rate': 89, 'sleep_balance': 84, 'sleep_regularity': 81}",2025-01-13,88,-0.13,-0.09,2025-01-13T00:00:00.000+00:00
25e7898b-3af1-4432-9ad6-139ed41a2d52,"{'activity_balance': 93, 'body_temperature': 96, 'hrv_balance': 93, 'previous_day_activity': 89, 'previous_night': 74, 'recovery_index': 70, 'resting_heart_rate': 94, 'sleep_balance': 84, 'sleep_regularity': 81}",2025-01-14,85,-0.27,-0.09,2025-01-14T00:00:00.000+00:00
957f5ddd-e4af-443b-9f50-c3144f25d300,"{'activity_balance': 100, 'body_temperature': 86, 'hrv_balance': 96, 'previous_day_activity': 87, 'previous_night': 66, 'recovery_index': 63, 'resting_heart_rate': 82, 'sleep_balance': 84, 'sleep_regularity': 85}",2025-01-15,83,0.23,0.01,2025-01-15T00:00:00.000+00:00
c66d7b58-094e-4ea8-85cd-7c40afc11aa7,"{'activity_balance': 92, 'body_temperature': 98, 'hrv_balance': 96, 'previous_day_activity': 87, 'previous_night': 94, 'recovery_index': 70, 'resting_heart_rate': 95, 'sleep_balance': 93, 'sleep_regularity': 85}",2025-01-16,90,-0.22,-0.13,2025-01-16T00:00:00.000+00:00
69aba357-218a-4f73-839f-660824eaac7e,"{'activity_balance': 90, 'body_temperature': 99, 'hrv_balance': 98, 'previous_day_activity': 85, 'previous_night': 81, 'recovery_index': 100, 'resting_heart_rate': 100, 'sleep_balance': 87, 'sleep_regularity': 87}",2025-01-17,91,-0.16,-0.05,2025-01-17T00:00:00.000+00:00
cbec6d33-7e36-4904-b4cd-ac3597d6b0af,"{'activity_balance': 96, 'body_temperature': 99, 'hrv_balance': 98, 'previous_day_activity': 83, 'previous_night': 78, 'recovery_index': 100, 'resting_heart_rate': 100, 'sleep_balance': 91, 'sleep_regularity': 88}",2025-01-18,92,-0.18,0.04,2025-01-18T00:00:00.000+00:00
d978305f-bd83-45bc-85d7-a386f7cd16fd,"{'activity_balance': 92, 'body_temperature': 100, 'hrv_balance': 96, 'previous_day_activity': 82, 'previous_night': 78, 'recovery_index': 100, 'resting_heart_rate': 100, 'sleep_balance': 92, 'sleep_regularity': 88}",2025-01-19,91,-0.08,-0.08,2025-01-19T00:00:00.000+00:00
b0895683-b28a-4d04-acde-c9d25fc627a9,"{'activity_balance': 94, 'body_temperature': 96, 'hrv_balance': 97, 'previous_day_activity': 82, 'previous_night': 50, 'recovery_index': 30, 'resting_heart_rate': 91, 'sleep_balance': 80, 'sleep_regularity': 88}",2025-01-20,77,-0.26,-0.14,2025-01-20T00:00:00.000+00:00
54598408-2a7c-422d-8b85-9d820ee2baaf,"{'activity_balance': 92, 'body_temperature': 100, 'hrv_balance': 96, 'previous_day_activity': 88, 'previous_night': 78, 'recovery_index': 96, 'resting_heart_rate': 97, 'sleep_balance': 91, 'sleep_regularity': 88}",2025-01-21,91,-0.14,-0.08,2025-01-21T00:00:00.000+00:00
a137eabf-0ab1-43ef-9073-f4c50eea2d99,"{'activity_balance': 93, 'body_temperature': 92, 'hrv_balance': 94, 'previous_day_activity': 87, 'previous_night': 60, 'recovery_index': 100, 'resting_heart_rate': 82, 'sleep_balance': 77, 'sleep_regularity': 88}",2025-01-22,84,-0.4,-0.18,2025-01-22T00:00:00.000+00:00
d05a1771-cee1-461b-98e2-8c621d50cd82,"{'activity_balance': 100, 'body_temperature': 95, 'hrv_balance': 90, 'previous_day_activity': 83, 'previous_night': 41, 'recovery_index': 63, 'resting_heart_rate': 82, 'sleep_balance': 73, 'sleep_regularity': 88}",2025-01-23,76,-0.3,-0.18,2025-01-23T00:00:00.000+00:00
fed73662-4991-45d1-9a7d-92311bd172bb,"{'activity_balance': 95, 'body_temperature': 100, 'hrv_balance': 87, 'previous_day_activity': 80, 'previous_night': 66, 'recovery_index': 100, 'resting_heart_rate': 18, 'sleep_balance': 76, 'sleep_regularity': 88}",2025-01-24,73,-0.06,-0.11,2025-01-24T00:00:00.000+00:00
c7c3c7e5-3d79-4eb8-9cdd-7895315d5bc3,"{'activity_balance': 98, 'body_temperature': 100, 'hrv_balance': 85, 'previous_day_activity': 90, 'previous_night': 76, 'recovery_index': 75, 'resting_heart_rate': 67, 'sleep_balance': 70, 'sleep_regularity': 88}",2025-01-25,80,-0.06,-0.2,2025-01-25T00:00:00.000+00:00
ee3cacc1-e5ec-4b72-9b8c-9477312c0a1b,"{'activity_balance': 95, 'body_temperature': 91, 'hrv_balance': 74, 'previous_day_activity': 88, 'previous_night': 80, 'recovery_index': 98, 'resting_heart_rate': 60, 'sleep_balance': 78, 'sleep_regularity': 88}",2025-01-26,81,0.17,-0.02,2025-01-26T00:00:00.000+00:00
94d97876-201b-44b1-aa84-53e8d784a803,"{'activity_balance': 98, 'body_temperature': 100, 'hrv_balance': 74, 'previous_day_activity': 93, 'previous_night': 69, 'recovery_index': 82, 'resting_heart_rate': 100, 'sleep_balance': 73, 'sleep_regularity': 88}",2025-01-27,84,-0.04,0.0,2025-01-27T00:00:00.000+00:00
c7258200-dee0-4b97-9882-532bcf8e6b02,"{'activity_balance': 90, 'body_temperature': 78, 'hrv_balance': 64, 'previous_day_activity': 45, 'previous_night': 71, 'recovery_index': 100, 'resting_heart_rate': 68, 'sleep_balance': 81, 'sleep_regularity': 86}",2025-01-28,75,0.33,0.19,2025-01-28T00:00:00.000+00:00
e55ad4fd-c9b3-43d7-b2d7-48fadcd708ce,"{'activity_balance': 98, 'body_temperature': 100, 'hrv_balance': 65, 'previous_day_activity': 93, 'previous_night': 49, 'recovery_index': 83, 'resting_heart_rate': 53, 'sleep_balance': 79, 'sleep_regularity': 86}",2025-01-29,73,0.07,0.13,2025-01-29T00:00:00.000+00:00
3e24e4b2-d3b3-4944-a501-ecd50888801d,"{'activity_balance': None, 'body_temperature': 91, 'hrv_balance': 65, 'previous_day_activity': None, 'previous_night': 73, 'recovery_index': 100, 'resting_heart_rate': 86, 'sleep_balance': 86, 'sleep_regularity': 86}",2025-01-30,81,0.17,0.16,2025-01-30T00:00:00.000+00:00
37564daa-5f19-4311-8633-f510169117c4,"{'activity_balance': 94, 'body_temperature': 89, 'hrv_balance': 63, 'previous_day_activity': 92, 'previous_night': 71, 'recovery_index': 100, 'resting_heart_rate': 70, 'sleep_balance': 85, 'sleep_regularity': 88}",2025-01-31,81,0.2,0.27,2025-01-31T00:00:00.000+00:00
a8996abc-b6d3-45b5-9dbe-9beebbc384f0,"{'activity_balance': 95, 'body_temperature': 80, 'hrv_balance': 67, 'previous_day_activity': 88, 'previous_night': 62, 'recovery_index': 65, 'resting_heart_rate': 87, 'sleep_balance': 81, 'sleep_regularity': 88}",2025-02-01,78,0.3,0.23,2025-02-01T00:00:00.000+00:00
98ccb838-1aa9-4818-adad-99ff22a12174,"{'activity_balance': 89, 'body_temperature': 86, 'hrv_balance': 64, 'previous_day_activity': 85, 'previous_night': 76, 'recovery_index': 83, 'resting_heart_rate': 100, 'sleep_balance': 90, 'sleep_regularity': 88}",2025-02-02,84,0.23,0.26,2025-02-02T00:00:00.000+00:00
0ae587e9-c863-4095-80aa-3f9702d18927,"{'activity_balance': 94, 'body_temperature': 91, 'hrv_balance': 65, 'previous_day_activity': 86, 'previous_night': 58, 'recovery_index': 60, 'resting_heart_rate': 78, 'sleep_balance': 80, 'sleep_regularity': 88}",2025-02-03,75,0.17,0.25,2025-02-03T00:00:00.000+00:00
f7cae1b3-9fb9-4444-8348-fb66d85915d2,"{'activity_balance': 90, 'body_temperature': 97, 'hrv_balance': 62, 'previous_day_activity': 88, 'previous_night': 23, 'recovery_index': 57, 'resting_heart_rate': 78, 'sleep_balance': 77, 'sleep_regularity': 88}",2025-02-04,68,0.1,0.25,2025-02-04T00:00:00.000+00:00
bc0e7fa1-23ae-474e-94c5-555f765d2935,"{'activity_balance': 87, 'body_temperature': 84, 'hrv_balance': 68, 'previous_day_activity': 78, 'previous_night': 48, 'recovery_index': 59, 'resting_heart_rate': 54, 'sleep_balance': 79, 'sleep_regularity': 88}",2025-02-05,69,0.26,0.27,2025-02-05T00:00:00.000+00:00
34af9db9-e493-40c2-9a00-813edd4f196a,"{'activity_balance': 83, 'body_temperature': 98, 'hrv_balance': 74, 'previous_day_activity': 86, 'previous_night': 74, 'recovery_index': 61, 'resting_heart_rate': 100, 'sleep_balance': 74, 'sleep_regularity': 88}",2025-02-06,80,-0.21,0.07,2025-02-06T00:00:00.000+00:00
7e921495-980e-4231-8dd2-3e3a314a11c0,"{'activity_balance': 89, 'body_temperature': 95, 'hrv_balance': 74, 'previous_day_activity': 78, 'previous_night': 78, 'recovery_index': 100, 'resting_heart_rate': 100, 'sleep_balance': 71, 'sleep_regularity': 85}",2025-02-07,84,0.13,0.19,2025-02-07T00:00:00.000+00:00
4c063d4d-1d02-44e5-88a3-14019b7581a4,"{'activity_balance': 79, 'body_temperature': 92, 'hrv_balance': 76, 'previous_day_activity': 83, 'previous_night': 76, 'recovery_index': 84, 'resting_heart_rate': 86, 'sleep_balance': 69, 'sleep_regularity': 85}",2025-02-08,79,0.16,0.17,2025-02-08T00:00:00.000+00:00
e4952aac-d80d-4bca-98c2-64293016619f,"{'activity_balance': 81, 'body_temperature': 100, 'hrv_balance': 87, 'previous_day_activity': 85, 'previous_night': 71, 'recovery_index': 91, 'resting_heart_rate': 100, 'sleep_balance': 74, 'sleep_regularity': 85}",2025-02-09,84,0.03,0.0,2025-02-09T00:00:00.000+00:00
d8d31dca-927a-4a1f-a646-cd649818d511,"{'activity_balance': 85, 'body_temperature': 95, 'hrv_balance': 89, 'previous_day_activity': 98, 'previous_night': 58, 'recovery_index': 100, 'resting_heart_rate': 88, 'sleep_balance': 74, 'sleep_regularity': 85}",2025-02-10,83,0.13,0.18,2025-02-10T00:00:00.000+00:00
0bb8b8ea-7698-4302-890f-7942f85369af,"{'activity_balance': None, 'body_temperature': 98, 'hrv_balance': 91, 'previous_day_activity': None, 'previous_night': 62, 'recovery_index': 100, 'resting_heart_rate': 100, 'sleep_balance': 79, 'sleep_regularity': 85}",2025-02-11,82,0.09,0.15,2025-02-11T00:00:00.000+00:00
2be5a6dc-07ba-4a41-aed5-9ea55488b097,"{'activity_balance': None, 'body_temperature': 93, 'hrv_balance': 94, 'previous_day_activity': None, 'previous_night': 58, 'recovery_index': 82, 'resting_heart_rate': 97, 'sleep_balance': 77, 'sleep_regularity': 85}",2025-02-12,81,-0.35,-0.04,2025-02-12T00:00:00.000+00:00
ca39b1fc-bb78-4528-b0c4-15454758dd27,"{'activity_balance': None, 'body_temperature': 93, 'hrv_balance': 95, 'previous_day_activity': None, 'previous_night': 71, 'recovery_index': 59, 'resting_heart_rate': 94, 'sleep_balance': 83, 'sleep_regularity': 85}",2025-02-13,81,-0.36,-0.02,2025-02-13T00:00:00.000+00:00
c122a34c-cbf3-46fe-ba7d-293bdddb24a8,"{'activity_balance': None, 'body_temperature': 94, 'hrv_balance': 98, 'previous_day_activity': None, 'previous_night': 56, 'recovery_index': 39, 'resting_heart_rate': 77, 'sleep_balance': 72, 'sleep_regularity': 85}",2025-02-14,75,-0.33,-0.1,2025-02-14T00:00:00.000+00:00
c8055169-e387-4315-bd4f-482dbd00b0df,"{'activity_balance': None, 'body_temperature': 94, 'hrv_balance': 97, 'previous_day_activity': None, 'previous_night': 83, 'recovery_index': 82, 'resting_heart_rate': 90, 'sleep_balance': 86, 'sleep_regularity': 85}",2025-02-15,82,-0.31,-0.28,2025-02-15T00:00:00.000+00:00
9d1fa026-e865-4813-9ec4-7404f07aa83c,"{'activity_balance': None, 'body_temperature': 97, 'hrv_balance': 100, 'previous_day_activity': None, 'previous_night': 94, 'recovery_index': 64, 'resting_heart_rate': 91, 'sleep_balance': 83, 'sleep_regularity': 84}",2025-02-17,82,-0.23,-0.23,2025-02-17T00:00:00.000+00:00
c5b9a33d-3cc3-4820-be5f-773dab320b6e,"{'activity_balance': 89, 'body_temperature': 92, 'hrv_balance': 100, 'previous_day_activity': 91, 'previous_night': 79, 'recovery_index': 100, 'resting_heart_rate': 92, 'sleep_balance': 81, 'sleep_regularity': 84}",2025-02-18,83,-0.39,-0.29,2025-02-18T00:00:00.000+00:00
3837da53-0216-4857-b1da-5ad1c0c32422,"{'activity_balance': 93, 'body_temperature': 95, 'hrv_balance': 99, 'previous_day_activity': 87, 'previous_night': 63, 'recovery_index': 100, 'resting_heart_rate': 100, 'sleep_balance': 85, 'sleep_regularity': 85}",2025-02-19,84,-0.28,-0.17,2025-02-19T00:00:00.000+00:00
5a4a7119-640e-487a-a58f-3adc0a537221,"{'activity_balance': 88, 'body_temperature': 94, 'hrv_balance': 99, 'previous_day_activity': 84, 'previous_night': 55, 'recovery_index': 92, 'resting_heart_rate': 97, 'sleep_balance': 75, 'sleep_regularity': 85}",2025-02-20,83,-0.32,-0.23,2025-02-20T00:00:00.000+00:00
24f427af-1881-4d78-a3e1-99a2ba278e64,"{'activity_balance': 94, 'body_temperature': 100, 'hrv_balance': 99, 'previous_day_activity': 86, 'previous_night': 59, 'recovery_index': 69, 'resting_heart_rate': 98, 'sleep_balance': 81, 'sleep_regularity': 85}",2025-02-21,83,-0.14,-0.21,2025-02-21T00:00:00.000+00:00
2d719ab6-9f93-433e-a7ab-e8d8a4c30f2a,"{'activity_balance': 93, 'body_temperature': 92, 'hrv_balance': 98, 'previous_day_activity': 97, 'previous_night': 70, 'recovery_index': 21, 'resting_heart_rate': 33, 'sleep_balance': 74, 'sleep_regularity': 85}",2025-02-22,70,0.16,-0.05,2025-02-22T00:00:00.000+00:00
2ba636aa-493c-480d-89d6-5be7f48b8769,"{'activity_balance': 93, 'body_temperature': 99, 'hrv_balance': 96, 'previous_day_activity': 95, 'previous_night': 79, 'recovery_index': 48, 'resting_heart_rate': 82, 'sleep_balance': 74, 'sleep_regularity': 85}",2025-02-23,82,0.07,-0.07,2025-02-23T00:00:00.000+00:00
49ddbe50-dabb-4e13-80eb-f40f2a95d689,"{'activity_balance': 97, 'body_temperature': 95, 'hrv_balance': 98, 'previous_day_activity': 86, 'previous_night': 83, 'recovery_index': 100, 'resting_heart_rate': 89, 'sleep_balance': 75, 'sleep_regularity': 85}",2025-02-24,88,-0.31,-0.09,2025-02-24T00:00:00.000+00:00
e4944ff9-35b7-4f91-b6da-e6c9d7333215,"{'activity_balance': 92, 'body_temperature': 97, 'hrv_balance': 91, 'previous_day_activity': 94, 'previous_night': 83, 'recovery_index': 94, 'resting_heart_rate': 100, 'sleep_balance': 76, 'sleep_regularity': 85}",2025-02-25,89,-0.25,0.02,2025-02-25T00:00:00.000+00:00
03e8d6ce-c581-4a17-91e0-5ca352779af2,"{'activity_balance': 94, 'body_temperature': 100, 'hrv_balance': 90, 'previous_day_activity': 92, 'previous_night': 56, 'recovery_index': 100, 'resting_heart_rate': 80, 'sleep_balance': 78, 'sleep_regularity': 85}",2025-02-26,83,-0.12,-0.02,2025-02-26T00:00:00.000+00:00
16435199-f276-4bd4-a115-937fc20fc4d9,"{'activity_balance': 96, 'body_temperature': 100, 'hrv_balance': 93, 'previous_day_activity': 94, 'previous_night': 64, 'recovery_index': 100, 'resting_heart_rate': 64, 'sleep_balance': 83, 'sleep_regularity': 85}",2025-02-27,83,-0.15,-0.17,2025-02-27T00:00:00.000+00:00
904d2984-6ffe-4d7a-a5c1-cfcd3b36382f,"{'activity_balance': 93, 'body_temperature': 96, 'hrv_balance': 93, 'previous_day_activity': 78, 'previous_night': 58, 'recovery_index': 2, 'resting_heart_rate': 81, 'sleep_balance': 74, 'sleep_regularity': 85}",2025-02-28,72,-0.25,-0.17,2025-02-28T00:00:00.000+00:00
8f698e1d-9eb8-49a7-a1e4-1cbee8ed405a,"{'activity_balance': 94, 'body_temperature': 97, 'hrv_balance': 91, 'previous_day_activity': 89, 'previous_night': 81, 'recovery_index': 100, 'resting_heart_rate': 73, 'sleep_balance': 84, 'sleep_regularity': 85}",2025-03-01,86,0.1,0.0,2025-03-01T00:00:00.000+00:00
ab862006-477d-4ab6-81ff-18bb7001a002,"{'activity_balance': 90, 'body_temperature': 100, 'hrv_balance': 94, 'previous_day_activity': 84, 'previous_night': 44, 'recovery_index': 1, 'resting_heart_rate': 98, 'sleep_balance': 65, 'sleep_regularity': 85}",2025-03-02,71,-0.04,-0.07,2025-03-02T00:00:00.000+00:00
d4dabbbe-c0cf-4064-9da2-4f9a82b30367,"{'activity_balance': 98, 'body_temperature': 98, 'hrv_balance': 93, 'previous_day_activity': 93, 'previous_night': 87, 'recovery_index': 19, 'resting_heart_rate': 100, 'sleep_balance': 76, 'sleep_regularity': 85}",2025-03-03,83,-0.19,-0.11,2025-03-03T00:00:00.000+00:00
0d9e78e2-fe4e-4917-a9b0-3af5989c5106,"{'activity_balance': 90, 'body_temperature': 100, 'hrv_balance': 91, 'previous_day_activity': 86, 'previous_night': 73, 'recovery_index': 82, 'resting_heart_rate': 95, 'sleep_balance': 67, 'sleep_regularity': 85}",2025-03-04,83,-0.1,0.04,2025-03-04T00:00:00.000+00:00
9295725a-7a16-4250-8cae-dfbf6698d13a,"{'activity_balance': 90, 'body_temperature': 100, 'hrv_balance': 94, 'previous_day_activity': 96, 'previous_night': 81, 'recovery_index': 100, 'resting_heart_rate': 100, 'sleep_balance': 71, 'sleep_regularity': 85}",2025-03-05,89,-0.09,-0.04,2025-03-05T00:00:00.000+00:00
a8720fa4-6e0d-424a-8330-53069ebb4e7d,"{'activity_balance': 84, 'body_temperature': 90, 'hrv_balance': 92, 'previous_day_activity': 7, 'previous_night': 75, 'recovery_index': 36, 'resting_heart_rate': 100, 'sleep_balance': 67, 'sleep_regularity': 85}",2025-03-06,71,-0.46,-0.23,2025-03-06T00:00:00.000+00:00
4b5b9fb2-7b28-47b4-9326-04dfdb88655f,"{'activity_balance': 83, 'body_temperature': 100, 'hrv_balance': 96, 'previous_day_activity': 89, 'previous_night': 83, 'recovery_index': 100, 'resting_heart_rate': 100, 'sleep_balance': 78, 'sleep_regularity': 85}",2025-03-07,89,-0.1,-0.06,2025-03-07T00:00:00.000+00:00
e1e2e8b8-12e6-42d1-bc3f-afad62fa055b,"{'activity_balance': 77, 'body_temperature': 94, 'hrv_balance': 89, 'previous_day_activity': 40, 'previous_night': 75, 'recovery_index': 80, 'resting_heart_rate': 70, 'sleep_balance': 73, 'sleep_regularity': 85}",2025-03-08,74,0.13,-0.04,2025-03-08T00:00:00.000+00:00
ba44cd17-9f9e-47b8-bf95-635e2ed19469,"{'activity_balance': 75, 'body_temperature': 100, 'hrv_balance': 98, 'previous_day_activity': 74, 'previous_night': 75, 'recovery_index': 100, 'resting_heart_rate': 100, 'sleep_balance': 81, 'sleep_regularity': 85}",2025-03-09,87,-0.1,-0.19,2025-03-09T00:00:00.000+00:00
959922d9-75c5-4a54-99d1-d7a54f6dd184,"{'activity_balance': 75, 'body_temperature': 89, 'hrv_balance': 94, 'previous_day_activity': 91, 'previous_night': 50, 'recovery_index': 100, 'resting_heart_rate': 100, 'sleep_balance': 73, 'sleep_regularity': 85}",2025-03-10,83,0.19,0.09,2025-03-10T00:00:00.000+00:00
1d9e0bf7-158e-4dd0-a92b-8b17517d159b,"{'activity_balance': 71, 'body_temperature': 100, 'hrv_balance': 93, 'previous_day_activity': 87, 'previous_night': 73, 'recovery_index': 79, 'resting_heart_rate': 100, 'sleep_balance': 83, 'sleep_regularity': 85}",2025-03-11,85,-0.06,0.04,2025-03-11T00:00:00.000+00:00
069cc5b1-824b-4d0c-822d-050605b74350,"{'activity_balance': 74, 'body_temperature': 98, 'hrv_balance': 97, 'previous_day_activity': 84, 'previous_night': 75, 'recovery_index': 100, 'resting_heart_rate': 100, 'sleep_balance': 79, 'sleep_regularity': 85}",2025-03-12,87,-0.19,-0.03,2025-03-12T00:00:00.000+00:00
6820bfca-d531-4f96-a188-fb8d10572e65,"{'activity_balance': 72, 'body_temperature': 100, 'hrv_balance': 94, 'previous_day_activity': 90, 'previous_night': 60, 'recovery_index': 78, 'resting_heart_rate': 61, 'sleep_balance': 76, 'sleep_regularity': 85}",2025-03-13,76,-0.1,0.06,2025-03-13T00:00:00.000+00:00
5b946e8f-40f3-42ee-9d83-971ec894752c,"{'activity_balance': 80, 'body_temperature': 100, 'hrv_balance': 97, 'previous_day_activity': 100, 'previous_night': 75, 'recovery_index': 76, 'resting_heart_rate': 70, 'sleep_balance': 79, 'sleep_regularity': 85}",2025-03-14,82,0.06,0.0,2025-03-14T00:00:00.000+00:00
b55072b7-c4c7-4244-8662-42deb046f81b,"{'activity_balance': None, 'body_temperature': 56, 'hrv_balance': 92, 'previous_day_activity': None, 'previous_night': 39, 'recovery_index': 100, 'resting_heart_rate': 100, 'sleep_balance': 77, 'sleep_regularity': 81}",2025-03-15,78,0.6,0.18,2025-03-15T00:00:00.000+00:00
05e3dded-7787-4268-9745-c6d6d8ee301b,"{'activity_balance': None, 'body_temperature': 70, 'hrv_balance': 100, 'previous_day_activity': None, 'previous_night': 89, 'recovery_index': 100, 'resting_heart_rate': 79, 'sleep_balance': 87, 'sleep_regularity': 81}",2025-03-16,81,0.43,0.18,2025-03-16T00:00:00.000+00:00
6b4b1d0e-84b9-4109-8377-cd00d436e71a,"{'activity_balance': None, 'body_temperature': 100, 'hrv_balance': 100, 'previous_day_activity': None, 'previous_night': 83, 'recovery_index': 52, 'resting_heart_rate': 58, 'sleep_balance': 77, 'sleep_regularity': 81}",2025-03-17,79,-0.12,0.14,2025-03-17T00:00:00.000+00:00
13b775c8-1ab4-43f5-b4df-a26fe62523aa,"{'activity_balance': None, 'body_temperature': 100, 'hrv_balance': 100, 'previous_day_activity': None, 'previous_night': 80, 'recovery_index': 100, 'resting_heart_rate': 75, 'sleep_balance': 93, 'sleep_regularity': 81}",2025-03-18,82,0.04,0.39,2025-03-18T00:00:00.000+00:00
d6f1ce57-35fb-4852-8eea-5c6d6a6c2eb4,"{'activity_balance': None, 'body_temperature': 100, 'hrv_balance': 93, 'previous_day_activity': None, 'previous_night': 85, 'recovery_index': 90, 'resting_heart_rate': 93, 'sleep_balance': 89, 'sleep_regularity': 81}",2025-03-19,82,0.2,0.28,2025-03-19T00:00:00.000+00:00
6efe46ed-001f-4194-9d0d-9dd368074d99,"{'activity_balance': None, 'body_temperature': 100, 'hrv_balance': 97, 'previous_day_activity': None, 'previous_night': 92, 'recovery_index': 68, 'resting_heart_rate': 82, 'sleep_balance': 97, 'sleep_regularity': 81}",2025-03-20,82,0.11,0.04,2025-03-20T00:00:00.000+00:00
6f8da0b5-2da2-411a-8c76-3674388a281c,"{'activity_balance': 90, 'body_temperature': 67, 'hrv_balance': 95, 'previous_day_activity': 88, 'previous_night': 58, 'recovery_index': 54, 'resting_heart_rate': 66, 'sleep_balance': 93, 'sleep_regularity': 83}",2025-03-21,73,0.46,0.28,2025-03-21T00:00:00.000+00:00
7bb04913-251a-4002-bfe0-18c199fd7072,"{'activity_balance': 94, 'body_temperature': 91, 'hrv_balance': 100, 'previous_day_activity': 90, 'previous_night': 81, 'recovery_index': 23, 'resting_heart_rate': 59, 'sleep_balance': 96, 'sleep_regularity': 83}",2025-03-22,77,0.17,0.21,2025-03-22T00:00:00.000+00:00
bc214675-343f-492b-9065-94185ba06742,"{'activity_balance': 97, 'body_temperature': 80, 'hrv_balance': 88, 'previous_day_activity': 85, 'previous_night': 9, 'recovery_index': 33, 'resting_heart_rate': 1, 'sleep_balance': 81, 'sleep_regularity': 83}",2025-03-23,53,0.3,0.31,2025-03-23T00:00:00.000+00:00
abf32bf9-200d-4087-9518-f6518a871ec4,"{'activity_balance': 94, 'body_temperature': 77, 'hrv_balance': 86, 'previous_day_activity': 89, 'previous_night': 65, 'recovery_index': 84, 'resting_heart_rate': 13, 'sleep_balance': 84, 'sleep_regularity': 83}",2025-03-24,68,0.33,0.41,2025-03-24T00:00:00.000+00:00
73a5e9dc-7daa-4192-a6d3-642425de8b20,"{'activity_balance': 98, 'body_temperature': 91, 'hrv_balance': 62, 'previous_day_activity': 72, 'previous_night': 85, 'recovery_index': 100, 'resting_heart_rate': 70, 'sleep_balance': 83, 'sleep_regularity': 79}",2025-03-25,80,0.17,0.26,2025-03-25T00:00:00.000+00:00
f8bafcbc-0f8a-4be8-9fb9-43afc7c30514,"{'activity_balance': 98, 'body_temperature': 81, 'hrv_balance': 48, 'previous_day_activity': 93, 'previous_night': 85, 'recovery_index': 90, 'resting_heart_rate': 55, 'sleep_balance': 73, 'sleep_regularity': 79}",2025-03-26,75,0.49,0.44,2025-03-26T00:00:00.000+00:00
281541ae-1f91-48ab-974c-85ce1170b1f7,"{'activity_balance': 94, 'body_temperature': 90, 'hrv_balance': 36, 'previous_day_activity': 84, 'previous_night': 29, 'recovery_index': 93, 'resting_heart_rate': 15, 'sleep_balance': 64, 'sleep_regularity': 79}",2025-03-27,57,0.19,0.31,2025-03-27T00:00:00.000+00:00
26f18c16-0cbf-4168-ba74-df3ef7ee1207,"{'activity_balance': 91, 'body_temperature': 100, 'hrv_balance': 37, 'previous_day_activity': 69, 'previous_night': 80, 'recovery_index': 100, 'resting_heart_rate': 25, 'sleep_balance': 82, 'sleep_regularity': 79}",2025-03-28,68,0.03,0.25,2025-03-28T00:00:00.000+00:00
0e46b34f-3a73-420f-8ae3-227340c6b282,"{'activity_balance': 88, 'body_temperature': 98, 'hrv_balance': 37, 'previous_day_activity': 93, 'previous_night': 69, 'recovery_index': 100, 'resting_heart_rate': 74, 'sleep_balance': 78, 'sleep_regularity': 79}",2025-03-29,75,0.09,0.34,2025-03-29T00:00:00.000+00:00
11d41b95-1c91-40c2-b20a-346426092798,"{'activity_balance': 90, 'body_temperature': 81, 'hrv_balance': 36, 'previous_day_activity': 99, 'previous_night': 66, 'recovery_index': 100, 'resting_heart_rate': 74, 'sleep_balance': 80, 'sleep_regularity': 79}",2025-03-30,75,0.3,0.27,2025-03-30T00:00:00.000+00:00
3c8ee67c-f2f1-419e-a305-53d0a5092714,"{'activity_balance': 83, 'body_temperature': 100, 'hrv_balance': 51, 'previous_day_activity': 92, 'previous_night': 78, 'recovery_index': 85, 'resting_heart_rate': 98, 'sleep_balance': 80, 'sleep_regularity': 79}",2025-03-31,80,-0.11,0.06,2025-03-31T00:00:00.000+00:00
a47068a1-85b3-496d-b36f-7f22cf73eb57,"{'activity_balance': 80, 'body_temperature': 100, 'hrv_balance': 39, 'previous_day_activity': 53, 'previous_night': 55, 'recovery_index': 47, 'resting_heart_rate': 65, 'sleep_balance': 87, 'sleep_regularity': 75}",2025-04-01,62,0.05,0.18,2025-04-01T00:00:00.000+00:00
9e311e8c-d21e-44b4-a8d2-e73bf224e9f2,"{'activity_balance': 72, 'body_temperature': 96, 'hrv_balance': 64, 'previous_day_activity': 1, 'previous_night': 71, 'recovery_index': 82, 'resting_heart_rate': 94, 'sleep_balance': 85, 'sleep_regularity': 75}",2025-04-02,70,-0.27,0.06,2025-04-02T00:00:00.000+00:00
8395ce54-581e-4f45-bd3d-c04bc19e17b7,"{'activity_balance': 86, 'body_temperature': 98, 'hrv_balance': 63, 'previous_day_activity': 97, 'previous_night': 73, 'recovery_index': 100, 'resting_heart_rate': 100, 'sleep_balance': 84, 'sleep_regularity': 75}",2025-04-03,84,0.09,0.07,2025-04-03T00:00:00.000+00:00
70a78114-7025-4bd7-ad67-4b08d3a61958,"{'activity_balance': 71, 'body_temperature': 100, 'hrv_balance': 70, 'previous_day_activity': 92, 'previous_night': 50, 'recovery_index': 93, 'resting_heart_rate': 72, 'sleep_balance': 76, 'sleep_regularity': 75}",2025-04-04,73,-0.03,0.02,2025-04-04T00:00:00.000+00:00
2f3883ae-e49f-4e40-a10b-90d9ae064cb7,"{'activity_balance': 73, 'body_temperature': 96, 'hrv_balance': 73, 'previous_day_activity': 84, 'previous_night': 66, 'recovery_index': 67, 'resting_heart_rate': 73, 'sleep_balance': 77, 'sleep_regularity': 75}",2025-04-05,73,-0.28,-0.13,2025-04-05T00:00:00.000+00:00
3b542a17-a345-4c11-bf98-5135aa7fa27d,"{'activity_balance': 74, 'body_temperature': 100, 'hrv_balance': 84, 'previous_day_activity': 82, 'previous_night': 85, 'recovery_index': 71, 'resting_heart_rate': 100, 'sleep_balance': 80, 'sleep_regularity': 78}",2025-04-06,83,-0.09,0.05,2025-04-06T00:00:00.000+00:00
306e8031-2694-4f6b-92ef-6fa6ca5ca0f8,"{'activity_balance': 75, 'body_temperature': 95, 'hrv_balance': 87, 'previous_day_activity': 81, 'previous_night': 66, 'recovery_index': 59, 'resting_heart_rate': 90, 'sleep_balance': 69, 'sleep_regularity': 78}",2025-04-07,76,-0.3,-0.11,2025-04-07T00:00:00.000+00:00
fbde192b-1040-4c80-b5ec-dde19897de7a,"{'activity_balance': 73, 'body_temperature': 100, 'hrv_balance': 79, 'previous_day_activity': 83, 'previous_night': 71, 'recovery_index': 87, 'resting_heart_rate': 100, 'sleep_balance': 78, 'sleep_regularity': 78}",2025-04-08,81,-0.1,-0.09,2025-04-08T00:00:00.000+00:00
6be21f77-360d-452b-b197-5b64882bdbcf,"{'activity_balance': 78, 'body_temperature': 100, 'hrv_balance': 91, 'previous_day_activity': 99, 'previous_night': 78, 'recovery_index': 100, 'resting_heart_rate': 100, 'sleep_balance': 74, 'sleep_regularity': 78}",2025-04-09,87,-0.11,-0.07,2025-04-09T00:00:00.000+00:00
69eac7f4-06b7-474e-bbfe-81cd0c500e6c,"{'activity_balance': 66, 'body_temperature': 100, 'hrv_balance': 85, 'previous_day_activity': 23, 'previous_night': 14, 'recovery_index': 85, 'resting_heart_rate': 53, 'sleep_balance': 65, 'sleep_regularity': 84}",2025-04-10,58,-0.07,-0.1,2025-04-10T00:00:00.000+00:00
9846fd0b-7fe2-42be-9078-c09bf09864de,"{'activity_balance': 82, 'body_temperature': 84, 'hrv_balance': 93, 'previous_day_activity': 87, 'previous_night': 80, 'recovery_index': 41, 'resting_heart_rate': 87, 'sleep_balance': 79, 'sleep_regularity': 84}",2025-04-11,80,-0.64,-0.25,2025-04-11T00:00:00.000+00:00
519678f7-55c4-4b0a-b9a5-f2730e4ca12c,"{'activity_balance': 70, 'body_temperature': 100, 'hrv_balance': 90, 'previous_day_activity': 89, 'previous_night': 78, 'recovery_index': 100, 'resting_heart_rate': 100, 'sleep_balance': 68, 'sleep_regularity': 84}",2025-04-12,85,0.0,0.0,2025-04-12T00:00:00.000+00:00
cafc81f5-a7bc-40c1-b28e-a5debc61beb6,"{'activity_balance': 73, 'body_temperature': 100, 'hrv_balance': 87, 'previous_day_activity': 97, 'previous_night': 71, 'recovery_index': 45, 'resting_heart_rate': 69, 'sleep_balance': 69, 'sleep_regularity': 84}",2025-04-13,74,-0.05,-0.11,2025-04-13T00:00:00.000+00:00
db2f0e50-09fd-4583-bfe4-f1ee725ff19a,"{'activity_balance': 81, 'body_temperature': 100, 'hrv_balance': 92, 'previous_day_activity': 97, 'previous_night': 71, 'recovery_index': 29, 'resting_heart_rate': 96, 'sleep_balance': 68, 'sleep_regularity': 84}",2025-04-14,78,-0.01,-0.2,2025-04-14T00:00:00.000+00:00
78306de4-3464-46df-a224-a784e6ec1e44,"{'activity_balance': 69, 'body_temperature': 100, 'hrv_balance': 88, 'previous_day_activity': 72, 'previous_night': 92, 'recovery_index': 100, 'resting_heart_rate': 85, 'sleep_balance': 81, 'sleep_regularity': 84}",2025-04-15,84,-0.05,0.01,2025-04-15T00:00:00.000+00:00
00ae6293-faa0-4fb8-9f31-55e03f7b4710,"{'activity_balance': 78, 'body_temperature': 91, 'hrv_balance': 92, 'previous_day_activity': 89, 'previous_night': 47, 'recovery_index': 16, 'resting_heart_rate': 96, 'sleep_balance': 63, 'sleep_regularity': 82}",2025-04-16,71,-0.41,-0.12,2025-04-16T00:00:00.000+00:00
f54ed39f-7aab-4895-b022-4caa99ba9617,"{'activity_balance': 76, 'body_temperature': 100, 'hrv_balance': 86, 'previous_day_activity': 85, 'previous_night': 23, 'recovery_index': 24, 'resting_heart_rate': 44, 'sleep_balance': 71, 'sleep_regularity': 82}",2025-04-17,60,-0.11,0.0,2025-04-17T00:00:00.000+00:00
904d13b9-ff11-4a3b-a81f-9d95ac250f92,"{'activity_balance': 73, 'body_temperature': 100, 'hrv_balance': 90, 'previous_day_activity': 89, 'previous_night': 73, 'recovery_index': 100, 'resting_heart_rate': 93, 'sleep_balance': 76, 'sleep_regularity': 82}",2025-04-18,84,-0.12,-0.09,2025-04-18T00:00:00.000+00:00
db8bd69c-11f1-41b9-a12a-ee4930c1aee5,"{'activity_balance': 78, 'body_temperature': 100, 'hrv_balance': 93, 'previous_day_activity': 100, 'previous_night': 66, 'recovery_index': 88, 'resting_heart_rate': 93, 'sleep_balance': 73, 'sleep_regularity': 81}",2025-04-19,83,0.06,-0.1,2025-04-19T00:00:00.000+00:00
c0841bd1-e9cc-4eb9-acdc-96447279e544,"{'activity_balance': 76, 'body_temperature': 99, 'hrv_balance': 88, 'previous_day_activity': 100, 'previous_night': 75, 'recovery_index': 86, 'resting_heart_rate': 77, 'sleep_balance': 77, 'sleep_regularity': 81}",2025-04-20,82,0.07,0.01,2025-04-20T00:00:00.000+00:00
32b41548-defd-41b1-b9d2-54397ab9afac,"{'activity_balance': 78, 'body_temperature': 100, 'hrv_balance': 94, 'previous_day_activity': 84, 'previous_night': 64, 'recovery_index': 100, 'resting_heart_rate': 100, 'sleep_balance': 78, 'sleep_regularity': 81}",2025-04-21,85,-0.03,0.0,2025-04-21T00:00:00.000+00:00
f8f86211-523d-4021-a272-9f4f469e1fd4,"{'activity_balance': 72, 'body_temperature': 100, 'hrv_balance': 90, 'previous_day_activity': 78, 'previous_night': 59, 'recovery_index': 100, 'resting_heart_rate': 92, 'sleep_balance': 85, 'sleep_regularity': 81}",2025-04-22,82,-0.01,0.07,2025-04-22T00:00:00.000+00:00
8faaaa94-9587-4cc6-85f1-8be3c4caa1b1,"{'activity_balance': 75, 'body_temperature': 100, 'hrv_balance': 90, 'previous_day_activity': 73, 'previous_night': 56, 'recovery_index': 57, 'resting_heart_rate': 100, 'sleep_balance': 83, 'sleep_regularity': 85}",2025-04-23,78,-0.01,0.06,2025-04-23T00:00:00.000+00:00
2425fb30-cfa7-49ee-8a85-dfc3d5aa3979,"{'activity_balance': 76, 'body_temperature': 85, 'hrv_balance': 91, 'previous_day_activity': 83, 'previous_night': 66, 'recovery_index': 88, 'resting_heart_rate': 59, 'sleep_balance': 85, 'sleep_regularity': 86}",2025-04-24,78,0.24,0.12,2025-04-24T00:00:00.000+00:00
d26c3ae9-00e7-41b6-abc1-a57065055b80,"{'activity_balance': 73, 'body_temperature': 80, 'hrv_balance': 89, 'previous_day_activity': 78, 'previous_night': 47, 'recovery_index': 97, 'resting_heart_rate': 76, 'sleep_balance': 80, 'sleep_regularity': 87}",2025-04-25,77,0.3,0.16,2025-04-25T00:00:00.000+00:00
4f7af8b9-e2eb-4ccb-a913-b6396bc2584c,"{'activity_balance': 74, 'body_temperature': 75, 'hrv_balance': 82, 'previous_day_activity': 97, 'previous_night': 56, 'recovery_index': 83, 'resting_heart_rate': 60, 'sleep_balance': 81, 'sleep_regularity': 87}",2025-04-26,76,0.37,0.24,2025-04-26T00:00:00.000+00:00
8ac31182-1014-4544-8d85-d91679a24921,"{'activity_balance': 75, 'body_temperature': 93, 'hrv_balance': 78, 'previous_day_activity': 100, 'previous_night': 80, 'recovery_index': 100, 'resting_heart_rate': 53, 'sleep_balance': 87, 'sleep_regularity': 87}",2025-04-27,81,0.35,0.35,2025-04-27T00:00:00.000+00:00
0564ae1c-5319-4d10-8285-6af01ffc6d5a,"{'activity_balance': 80, 'body_temperature': 100, 'hrv_balance': 85, 'previous_day_activity': 95, 'previous_night': 59, 'recovery_index': 2, 'resting_heart_rate': 86, 'sleep_balance': 76, 'sleep_regularity': 87}",2025-04-28,72,0.22,0.34,2025-04-28T00:00:00.000+00:00
d48fdb5f-3d50-4409-80a5-cfd7fed77a1a,"{'activity_balance': 80, 'body_temperature': 100, 'hrv_balance': 56, 'previous_day_activity': 90, 'previous_night': 23, 'recovery_index': 41, 'resting_heart_rate': 1, 'sleep_balance': 77, 'sleep_regularity': 87}",2025-04-29,53,-0.02,0.27,2025-04-29T00:00:00.000+00:00
8778a789-5fd4-4e22-a233-40e5dcf01ba3,"{'activity_balance': 83, 'body_temperature': 100, 'hrv_balance': 74, 'previous_day_activity': 66, 'previous_night': 73, 'recovery_index': 69, 'resting_heart_rate': 79, 'sleep_balance': 89, 'sleep_regularity': 87}",2025-04-30,78,0.27,0.35,2025-04-30T00:00:00.000+00:00
557b77f4-1031-4e65-880e-019b20d10372,"{'activity_balance': 83, 'body_temperature': 97, 'hrv_balance': 47, 'previous_day_activity': 91, 'previous_night': 42, 'recovery_index': 27, 'resting_heart_rate': 22, 'sleep_balance': 72, 'sleep_regularity': 87}",2025-05-01,56,0.1,0.18,2025-05-01T00:00:00.000+00:00
c795c4ba-1121-4340-801e-a8135bfecb19,"{'activity_balance': 88, 'body_temperature': 94, 'hrv_balance': 68, 'previous_day_activity': 94, 'previous_night': 61, 'recovery_index': 86, 'resting_heart_rate': 88, 'sleep_balance': 78, 'sleep_regularity': 85}",2025-05-02,80,0.14,0.16,2025-05-02T00:00:00.000+00:00
8f22e527-7efd-4c2a-8478-32f70cf42890,"{'activity_balance': 80, 'body_temperature': 100, 'hrv_balance': 46, 'previous_day_activity': 72, 'previous_night': 37, 'recovery_index': 64, 'resting_heart_rate': 80, 'sleep_balance': 71, 'sleep_regularity': 85}",2025-05-03,65,-0.04,0.18,2025-05-03T00:00:00.000+00:00
1809bc0d-bf48-4ecc-a36f-133b479c464d,"{'activity_balance': 90, 'body_temperature': 100, 'hrv_balance': 55, 'previous_day_activity': 91, 'previous_night': 49, 'recovery_index': 100, 'resting_heart_rate': 100, 'sleep_balance': 72, 'sleep_regularity': 85}",2025-05-04,78,-0.02,0.12,2025-05-04T00:00:00.000+00:00
a2824392-14bb-4ca9-a2c1-f35110e02c4d,"{'activity_balance': 77, 'body_temperature': 94, 'hrv_balance': 62, 'previous_day_activity': 84, 'previous_night': 6, 'recovery_index': 26, 'resting_heart_rate': 71, 'sleep_balance': 51, 'sleep_regularity': 85}",2025-05-05,56,-0.33,-0.02,2025-05-05T00:00:00.000+00:00
b6541635-7ea1-43e9-bae1-cc15a207422f,"{'activity_balance': 88, 'body_temperature': 99, 'hrv_balance': 56, 'previous_day_activity': 86, 'previous_night': 59, 'recovery_index': 40, 'resting_heart_rate': 80, 'sleep_balance': 66, 'sleep_regularity': 85}",2025-05-06,69,-0.17,-0.02,2025-05-06T00:00:00.000+00:00
9bf35b05-1b47-4df3-bbf0-304bf94d6181,"{'activity_balance': 79, 'body_temperature': 91, 'hrv_balance': 68, 'previous_day_activity': 70, 'previous_night': 1, 'recovery_index': 21, 'resting_heart_rate': 64, 'sleep_balance': 31, 'sleep_regularity': 85}",2025-05-07,50,-0.43,-0.17,2025-05-07T00:00:00.000+00:00
0e124cf0-db52-465f-a6e3-9f225e18d69f,"{'activity_balance': 85, 'body_temperature': 66, 'hrv_balance': 54, 'previous_day_activity': 81, 'previous_night': 97, 'recovery_index': 100, 'resting_heart_rate': 49, 'sleep_balance': 69, 'sleep_regularity': 78}",2025-05-08,69,0.48,0.08,2025-05-08T00:00:00.000+00:00
917741a9-61a6-43bc-ac02-7b6b1054ece0,"{'activity_balance': 83, 'body_temperature': 100, 'hrv_balance': 85, 'previous_day_activity': 100, 'previous_night': 87, 'recovery_index': 65, 'resting_heart_rate': 98, 'sleep_balance': 35, 'sleep_regularity': 78}",2025-05-09,78,-0.09,-0.12,2025-05-09T00:00:00.000+00:00
5cc993e5-53f5-4126-8ed4-c0cc89f8fa96,"{'activity_balance': 85, 'body_temperature': 90, 'hrv_balance': 66, 'previous_day_activity': 98, 'previous_night': 90, 'recovery_index': 95, 'resting_heart_rate': 98, 'sleep_balance': 65, 'sleep_regularity': 78}",2025-05-10,83,0.19,0.06,2025-05-10T00:00:00.000+00:00
b2e8f654-f3bf-4c75-9bf9-ddb138d6dfe4,"{'activity_balance': 85, 'body_temperature': 100, 'hrv_balance': 70, 'previous_day_activity': 80, 'previous_night': 89, 'recovery_index': 98, 'resting_heart_rate': 100, 'sleep_balance': 59, 'sleep_regularity': 73}",2025-05-11,81,-0.12,0.19,2025-05-11T00:00:00.000+00:00
75e2912a-4fd8-4ff0-919f-4e7f371f2fcc,"{'activity_balance': 85, 'body_temperature': 92, 'hrv_balance': 77, 'previous_day_activity': 45, 'previous_night': 44, 'recovery_index': 67, 'resting_heart_rate': 80, 'sleep_balance': 57, 'sleep_regularity': 75}",2025-05-12,66,-0.38,-0.08,2025-05-12T00:00:00.000+00:00
6dac5aba-be39-4630-ae3c-8b9555b30135,"{'activity_balance': 85, 'body_temperature': 100, 'hrv_balance': 57, 'previous_day_activity': 76, 'previous_night': 40, 'recovery_index': 1, 'resting_heart_rate': 23, 'sleep_balance': 67, 'sleep_regularity': 75}",2025-05-13,52,0.06,0.13,2025-05-13T00:00:00.000+00:00
90648aa1-05c6-4b8b-879b-c7e04c7d9894,"{'activity_balance': 83, 'body_temperature': 97, 'hrv_balance': 88, 'previous_day_activity': 90, 'previous_night': 92, 'recovery_index': 100, 'resting_heart_rate': 90, 'sleep_balance': 75, 'sleep_regularity': 75}",2025-05-14,87,-0.24,-0.15,2025-05-14T00:00:00.000+00:00
c8b9438e-ecc6-4179-bd0e-383ed9020fb9,"{'activity_balance': 80, 'body_temperature': 100, 'hrv_balance': 78, 'previous_day_activity': 84, 'previous_night': 54, 'recovery_index': 78, 'resting_heart_rate': 99, 'sleep_balance': 54, 'sleep_regularity': 75}",2025-05-15,74,-0.1,-0.12,2025-05-15T00:00:00.000+00:00
d9cadcbb-8c96-4eac-991b-bed416a3fae2,"{'activity_balance': 83, 'body_temperature': 96, 'hrv_balance': 82, 'previous_day_activity': 84, 'previous_night': 59, 'recovery_index': 41, 'resting_heart_rate': 95, 'sleep_balance': 67, 'sleep_regularity': 75}",2025-05-16,74,-0.26,-0.07,2025-05-16T00:00:00.000+00:00
e86a957b-8ca7-4f50-ae2b-3f4e3d76daa2,"{'activity_balance': 83, 'body_temperature': 92, 'hrv_balance': 90, 'previous_day_activity': 96, 'previous_night': 18, 'recovery_index': 50, 'resting_heart_rate': 100, 'sleep_balance': 58, 'sleep_regularity': 75}",2025-05-17,70,-0.38,-0.21,2025-05-17T00:00:00.000+00:00
6a6ec8a2-501d-425a-88f2-a91505f6cbfe,"{'activity_balance': 84, 'body_temperature': 100, 'hrv_balance': 90, 'previous_day_activity': 90, 'previous_night': 97, 'recovery_index': 100, 'resting_heart_rate': 93, 'sleep_balance': 68, 'sleep_regularity': 75}",2025-05-18,87,0.01,-0.04,2025-05-18T00:00:00.000+00:00
ff0e9f15-9d1a-47cc-b3df-06ad254824c1,"{'activity_balance': 79, 'body_temperature': 95, 'hrv_balance': 94, 'previous_day_activity': 87, 'previous_night': 82, 'recovery_index': 84, 'resting_heart_rate': 85, 'sleep_balance': 58, 'sleep_regularity': 78}",2025-05-19,81,-0.3,-0.25,2025-05-19T00:00:00.000+00:00
93b2b898-c519-42c3-8ed5-18d4f658c775,"{'activity_balance': 89, 'body_temperature': 98, 'hrv_balance': 98, 'previous_day_activity': 92, 'previous_night': 60, 'recovery_index': 69, 'resting_heart_rate': 96, 'sleep_balance': 60, 'sleep_regularity': 78}",2025-05-20,80,-0.21,-0.19,2025-05-20T00:00:00.000+00:00
711cad10-9428-4b4f-9304-526cc41aa965,"{'activity_balance': 87, 'body_temperature': 97, 'hrv_balance': 93, 'previous_day_activity': 99, 'previous_night': 90, 'recovery_index': 100, 'resting_heart_rate': 100, 'sleep_balance': 66, 'sleep_regularity': 78}",2025-05-21,89,0.1,0.02,2025-05-21T00:00:00.000+00:00
efb8ceed-b246-4928-ae21-f6b4a94d6293,"{'activity_balance': 85, 'body_temperature': 100, 'hrv_balance': 95, 'previous_day_activity': 92, 'previous_night': 82, 'recovery_index': 100, 'resting_heart_rate': 60, 'sleep_balance': 62, 'sleep_regularity': 78}",2025-05-22,80,-0.01,-0.13,2025-05-22T00:00:00.000+00:00
aec7ed4b-f846-417e-a117-39e8fa76db14,"{'activity_balance': 89, 'body_temperature': 98, 'hrv_balance': 93, 'previous_day_activity': 88, 'previous_night': 40, 'recovery_index': 89, 'resting_heart_rate': 61, 'sleep_balance': 55, 'sleep_regularity': 78}",2025-05-23,72,-0.21,-0.11,2025-05-23T00:00:00.000+00:00
2629ef9a-d072-4b28-93f4-2143a0a67d58,"{'activity_balance': 76, 'body_temperature': 100, 'hrv_balance': 85, 'previous_day_activity': 64, 'previous_night': 45, 'recovery_index': 30, 'resting_heart_rate': 53, 'sleep_balance': 64, 'sleep_regularity': 83}",2025-05-24,62,-0.05,0.05,2025-05-24T00:00:00.000+00:00
72a24787-8035-489e-81d7-55285d787b1f,"{'activity_balance': 90, 'body_temperature': 85, 'hrv_balance': 79, 'previous_day_activity': 91, 'previous_night': 35, 'recovery_index': 1, 'resting_heart_rate': 1, 'sleep_balance': 51, 'sleep_regularity': 83}",2025-05-25,51,0.25,0.08,2025-05-25T00:00:00.000+00:00
564a789a-8eef-4bd3-93f4-22f9e7023d38,"{'activity_balance': 81, 'body_temperature': 100, 'hrv_balance': 86, 'previous_day_activity': 96, 'previous_night': 90, 'recovery_index': 100, 'resting_heart_rate': 71, 'sleep_balance': 65, 'sleep_regularity': 83}",2025-05-26,83,0.17,0.0,2025-05-26T00:00:00.000+00:00
b0576844-bdda-4318-b765-53c997279f74,"{'activity_balance': 78, 'body_temperature': 100, 'hrv_balance': 67, 'previous_day_activity': 58, 'previous_night': 77, 'recovery_index': 50, 'resting_heart_rate': 100, 'sleep_balance': 53, 'sleep_regularity': 83}",2025-05-27,71,0.12,0.11,2025-05-27T00:00:00.000+00:00
1cb2a821-81f5-4fa9-bd04-299d076e0b84,"{'activity_balance': 85, 'body_temperature': 100, 'hrv_balance': 71, 'previous_day_activity': 90, 'previous_night': 85, 'recovery_index': 58, 'resting_heart_rate': 100, 'sleep_balance': 66, 'sleep_regularity': 81}",2025-05-28,80,0.05,0.18,2025-05-28T00:00:00.000+00:00
82fb2151-11d9-4a27-9538-09a4cd6552d0,"{'activity_balance': 77, 'body_temperature': 100, 'hrv_balance': 65, 'previous_day_activity': 85, 'previous_night': 68, 'recovery_index': 15, 'resting_heart_rate': 78, 'sleep_balance': 63, 'sleep_regularity': 81}",2025-05-29,67,0.17,0.19,2025-05-29T00:00:00.000+00:00
4443e392-4c2c-4111-a4cf-7e1db89e7024,"{'activity_balance': 78, 'body_temperature': 81, 'hrv_balance': 73, 'previous_day_activity': 41, 'previous_night': 60, 'recovery_index': 31, 'resting_heart_rate': 86, 'sleep_balance': 66, 'sleep_regularity': 83}",2025-05-30,66,0.3,0.21,2025-05-30T00:00:00.000+00:00
163c6f75-4416-4daf-b040-ef307f05483a,"{'activity_balance': 85, 'body_temperature': 86, 'hrv_balance': 65, 'previous_day_activity': 92, 'previous_night': 95, 'recovery_index': 88, 'resting_heart_rate': 46, 'sleep_balance': 80, 'sleep_regularity': 83}",2025-05-31,78,0.24,0.18,2025-05-31T00:00:00.000+00:00
29f9a97f-344f-44d2-998e-0de8435accf2,"{'activity_balance': 80, 'body_temperature': 89, 'hrv_balance': 67, 'previous_day_activity': 93, 'previous_night': 65, 'recovery_index': 100, 'resting_heart_rate': 55, 'sleep_balance': 69, 'sleep_regularity': 83}",2025-06-01,74,0.39,0.32,2025-06-01T00:00:00.000+00:00
96adecf5-8c69-4043-bc8c-14c2019c252c,"{'activity_balance': 81, 'body_temperature': 100, 'hrv_balance': 65, 'previous_day_activity': 92, 'previous_night': 50, 'recovery_index': 75, 'resting_heart_rate': 96, 'sleep_balance': 75, 'sleep_regularity': 83}",2025-06-02,76,0.26,0.31,2025-06-02T00:00:00.000+00:00
ddfaf223-6a48-4c04-9409-76f90c46cc67,"{'activity_balance': 80, 'body_temperature': 98, 'hrv_balance': 59, 'previous_day_activity': 77, 'previous_night': 73, 'recovery_index': 94, 'resting_heart_rate': 40, 'sleep_balance': 80, 'sleep_regularity': 83}",2025-06-03,71,0.29,0.33,2025-06-03T00:00:00.000+00:00
b1f3756c-9e1e-4c17-b277-6f19d1335fe0,"{'activity_balance': 88, 'body_temperature': 99, 'hrv_balance': 66, 'previous_day_activity': 92, 'previous_night': 75, 'recovery_index': 100, 'resting_heart_rate': 73, 'sleep_balance': 75, 'sleep_regularity': 82}",2025-06-04,80,0.27,0.36,2025-06-04T00:00:00.000+00:00
6ccc6d1e-1e21-41fe-b36f-e087b54e84f5,"{'activity_balance': 85, 'body_temperature': 89, 'hrv_balance': 67, 'previous_day_activity': 94, 'previous_night': 85, 'recovery_index': 61, 'resting_heart_rate': 98, 'sleep_balance': 80, 'sleep_regularity': 82}",2025-06-05,82,0.39,0.36,2025-06-05T00:00:00.000+00:00
0c81659d-10e5-440e-a38c-98a7b7f97ad4,"{'activity_balance': 84, 'body_temperature': 94, 'hrv_balance': 65, 'previous_day_activity': 81, 'previous_night': 63, 'recovery_index': 86, 'resting_heart_rate': 88, 'sleep_balance': 72, 'sleep_regularity': 83}",2025-06-06,77,0.34,0.35,2025-06-06T00:00:00.000+00:00
21765e4a-17bb-4289-8c5e-170d88612c69,"{'activity_balance': 89, 'body_temperature': 100, 'hrv_balance': 72, 'previous_day_activity': 89, 'previous_night': 50, 'recovery_index': 64, 'resting_heart_rate': 99, 'sleep_balance': 74, 'sleep_regularity': 84}",2025-06-07,77,0.18,0.3,2025-06-07T00:00:00.000+00:00
ea9be1fb-c572-4731-b4f3-81a4f782007e,"{'activity_balance': 91, 'body_temperature': 100, 'hrv_balance': 74, 'previous_day_activity': 97, 'previous_night': 85, 'recovery_index': 100, 'resting_heart_rate': 95, 'sleep_balance': 82, 'sleep_regularity': 81}",2025-06-08,87,0.13,0.32,2025-06-08T00:00:00.000+00:00
d871f6cc-668a-413c-9cba-eb12681cfe95,"{'activity_balance': 89, 'body_temperature': 100, 'hrv_balance': 79, 'previous_day_activity': 93, 'previous_night': 43, 'recovery_index': 42, 'resting_heart_rate': 100, 'sleep_balance': 64, 'sleep_regularity': 81}",2025-06-09,73,-0.14,0.16,2025-06-09T00:00:00.000+00:00
5bd21342-7513-467a-ad7a-05eba25e3f22,"{'activity_balance': 94, 'body_temperature': 100, 'hrv_balance': 82, 'previous_day_activity': 96, 'previous_night': 93, 'recovery_index': 95, 'resting_heart_rate': 100, 'sleep_balance': 80, 'sleep_regularity': 81}",2025-06-10,90,0.06,0.16,2025-06-10T00:00:00.000+00:00
2e3cfd3c-b5f5-4a81-ba92-ca74c75f4259,"{'activity_balance': 90, 'body_temperature': 97, 'hrv_balance': 84, 'previous_day_activity': 66, 'previous_night': 95, 'recovery_index': 27, 'resting_heart_rate': 93, 'sleep_balance': 74, 'sleep_regularity': 81}",2025-06-11,78,0.1,0.1,2025-06-11T00:00:00.000+00:00
c0ed6e6b-04cd-4808-ac77-63992d91afa6,"{'activity_balance': 97, 'body_temperature': 100, 'hrv_balance': 88, 'previous_day_activity': 90, 'previous_night': 72, 'recovery_index': 94, 'resting_heart_rate': 100, 'sleep_balance': 74, 'sleep_regularity': 81}",2025-06-12,86,-0.16,-0.05,2025-06-12T00:00:00.000+00:00
7c786585-36fc-4c7c-9691-7b41501b12e7,"{'activity_balance': 98, 'body_temperature': 100, 'hrv_balance': 89, 'previous_day_activity': 98, 'previous_night': 70, 'recovery_index': 66, 'resting_heart_rate': 93, 'sleep_balance': 72, 'sleep_regularity': 83}",2025-06-13,83,0.01,0.09,2025-06-13T00:00:00.000+00:00
5ed4cf1a-b16b-4204-82dc-bdab2d661b4e,"{'activity_balance': 97, 'body_temperature': 100, 'hrv_balance': 93, 'previous_day_activity': 78, 'previous_night': 70, 'recovery_index': 99, 'resting_heart_rate': 96, 'sleep_balance': 71, 'sleep_regularity': 83}",2025-06-15,85,-0.03,-0.02,2025-06-15T00:00:00.000+00:00
dd6408e8-814b-4f06-b37b-32b16c8eba33,"{'activity_balance': 83, 'body_temperature': 100, 'hrv_balance': 96, 'previous_day_activity': 82, 'previous_night': 60, 'recovery_index': 100, 'resting_heart_rate': 75, 'sleep_balance': 70, 'sleep_regularity': 83}",2025-06-16,80,0.06,0.09,2025-06-16T00:00:00.000+00:00
3ae4cbef-ac6f-4471-8cc7-27aef109accf,"{'activity_balance': 94, 'body_temperature': 100, 'hrv_balance': 95, 'previous_day_activity': 90, 'previous_night': 58, 'recovery_index': 61, 'resting_heart_rate': 93, 'sleep_balance': 66, 'sleep_regularity': 83}",2025-06-17,80,-0.03,0.04,2025-06-17T00:00:00.000+00:00
700a6f97-1a94-40fa-8a8c-f9a59f3a58af,"{'activity_balance': 87, 'body_temperature': 99, 'hrv_balance': 98, 'previous_day_activity': 99, 'previous_night': 63, 'recovery_index': 58, 'resting_heart_rate': 98, 'sleep_balance': 69, 'sleep_regularity': 85}",2025-06-18,82,-0.19,-0.03,2025-06-18T00:00:00.000+00:00
dea965af-4a99-4f8a-addf-0b93fb3d9a08,"{'activity_balance': 92, 'body_temperature': 80, 'hrv_balance': 96, 'previous_day_activity': 93, 'previous_night': 68, 'recovery_index': 85, 'resting_heart_rate': 100, 'sleep_balance': 67, 'sleep_regularity': 85}",2025-06-19,85,0.31,0.18,2025-06-19T00:00:00.000+00:00
c05097c7-d80e-4d4a-a4e9-0297ef9d0c97,"{'activity_balance': 89, 'body_temperature': 84, 'hrv_balance': 99, 'previous_day_activity': 92, 'previous_night': 75, 'recovery_index': 85, 'resting_heart_rate': 99, 'sleep_balance': 70, 'sleep_regularity': 85}",2025-06-20,87,0.26,0.09,2025-06-20T00:00:00.000+00:00
1696d193-90f0-4374-9c0f-d2d1bdab4d9b,"{'activity_balance': 85, 'body_temperature': 94, 'hrv_balance': 91, 'previous_day_activity': 85, 'previous_night': 15, 'recovery_index': 15, 'resting_heart_rate': 79, 'sleep_balance': 55, 'sleep_regularity': 85}",2025-06-21,63,-0.33,-0.08,2025-06-21T00:00:00.000+00:00
f41be822-4e39-4c23-b9b2-9e64ff1fdffe,"{'activity_balance': 86, 'body_temperature': 98, 'hrv_balance': 93, 'previous_day_activity': 84, 'previous_night': 93, 'recovery_index': 74, 'resting_heart_rate': 95, 'sleep_balance': 88, 'sleep_regularity': 85}",2025-06-22,88,0.29,0.34,2025-06-22T00:00:00.000+00:00
bf26889c-d4e4-410a-bc03-5876e97a6de9,"{'activity_balance': 88, 'body_temperature': 100, 'hrv_balance': 88, 'previous_day_activity': 92, 'previous_night': 7, 'recovery_index': 59, 'resting_heart_rate': 54, 'sleep_balance': 42, 'sleep_regularity': 85}",2025-06-23,61,-0.04,0.08,2025-06-23T00:00:00.000+00:00
49c0163d-abb6-4819-8b68-f5d8f3cda332,"{'activity_balance': 83, 'body_temperature': 98, 'hrv_balance': 87, 'previous_day_activity': 90, 'previous_night': 98, 'recovery_index': 100, 'resting_heart_rate': 87, 'sleep_balance': 83, 'sleep_regularity': 85}",2025-06-24,89,-0.2,-0.09,2025-06-24T00:00:00.000+00:00
99151e05-eb2d-46df-9d68-1fb5398a14c8,"{'activity_balance': 85, 'body_temperature': 98, 'hrv_balance': 87, 'previous_day_activity': 93, 'previous_night': 37, 'recovery_index': 100, 'resting_heart_rate': 79, 'sleep_balance': 56, 'sleep_regularity': 85}",2025-06-25,75,-0.21,0.07,2025-06-25T00:00:00.000+00:00
67629dbf-6341-441d-8a15-6e38935729b6,"{'activity_balance': 87, 'body_temperature': 98, 'hrv_balance': 81, 'previous_day_activity': 95, 'previous_night': 48, 'recovery_index': 75, 'resting_heart_rate': 87, 'sleep_balance': 62, 'sleep_regularity': 85}",2025-06-26,76,0.09,0.03,2025-06-26T00:00:00.000+00:00
3b4d2e9f-1b2d-4eb2-be60-fbad6cc043cf,"{'activity_balance': 92, 'body_temperature': 94, 'hrv_balance': 85, 'previous_day_activity': 92, 'previous_night': 68, 'recovery_index': 69, 'resting_heart_rate': 55, 'sleep_balance': 63, 'sleep_regularity': 85}",2025-06-27,74,0.14,-0.01,2025-06-27T00:00:00.000+00:00
4f14e238-25bc-4166-9b65-2c6236a50fd2,"{'activity_balance': 89, 'body_temperature': 85, 'hrv_balance': 83, 'previous_day_activity': 85, 'previous_night': 83, 'recovery_index': 100, 'resting_heart_rate': 72, 'sleep_balance': 67, 'sleep_regularity': 78}",2025-06-28,81,0.24,0.08,2025-06-28T00:00:00.000+00:00
51ecd9ef-edc2-4f9a-bd19-ba3449f4d0a3,"{'activity_balance': 88, 'body_temperature': 100, 'hrv_balance': 88, 'previous_day_activity': 86, 'previous_night': 38, 'recovery_index': 83, 'resting_heart_rate': 81, 'sleep_balance': 61, 'sleep_regularity': 78}",2025-06-29,74,0.17,0.18,2025-06-29T00:00:00.000+00:00
a2f14e53-a804-4c96-a23a-dadcc6b77b55,"{'activity_balance': 87, 'body_temperature': 94, 'hrv_balance': 84, 'previous_day_activity': 82, 'previous_night': 65, 'recovery_index': 15, 'resting_heart_rate': 97, 'sleep_balance': 67, 'sleep_regularity': 79}",2025-06-30,73,0.33,0.29,2025-06-30T00:00:00.000+00:00
0b11e36a-4d6d-4bf3-85f7-cc671e0807f0,"{'activity_balance': 84, 'body_temperature': 100, 'hrv_balance': 87, 'previous_day_activity': 60, 'previous_night': 63, 'recovery_index': 85, 'resting_heart_rate': 57, 'sleep_balance': 66, 'sleep_regularity': 79}",2025-07-01,72,0.26,0.29,2025-07-01T00:00:00.000+00:00
cb6fcdf0-0c76-46ff-a7ef-8324caf8a640,"{'activity_balance': 80, 'body_temperature': 100, 'hrv_balance': 88, 'previous_day_activity': 61, 'previous_night': 90, 'recovery_index': 100, 'resting_heart_rate': 74, 'sleep_balance': 73, 'sleep_regularity': 79}",2025-07-02,81,0.02,0.2,2025-07-02T00:00:00.000+00:00
00ac7f20-49e0-41ab-b487-bb32d0fc8c6c,"{'activity_balance': 82, 'body_temperature': 98, 'hrv_balance': 86, 'previous_day_activity': 100, 'previous_night': 50, 'recovery_index': 18, 'resting_heart_rate': 50, 'sleep_balance': 61, 'sleep_regularity': 81}",2025-07-03,65,0.09,0.28,2025-07-03T00:00:00.000+00:00
316a2acb-065a-474e-8c7e-3b0ad716f723,"{'activity_balance': 76, 'body_temperature': 99, 'hrv_balance': 88, 'previous_day_activity': 83, 'previous_night': 65, 'recovery_index': 96, 'resting_heart_rate': 43, 'sleep_balance': 73, 'sleep_regularity': 81}",2025-07-04,74,0.28,0.28,2025-07-04T00:00:00.000+00:00
95a1c8fb-ea08-487b-8240-3c82511942b8,"{'activity_balance': 77, 'body_temperature': 100, 'hrv_balance': 85, 'previous_day_activity': 86, 'previous_night': 28, 'recovery_index': 86, 'resting_heart_rate': 52, 'sleep_balance': 59, 'sleep_regularity': 77}",2025-07-05,66,0.16,0.16,2025-07-05T00:00:00.000+00:00
c5efd9c2-35cf-4f3f-a402-0a716ff6d047,"{'activity_balance': 76, 'body_temperature': 97, 'hrv_balance': 86, 'previous_day_activity': 75, 'previous_night': 90, 'recovery_index': 100, 'resting_heart_rate': 69, 'sleep_balance': 73, 'sleep_regularity': 77}",2025-07-06,81,0.3,0.27,2025-07-06T00:00:00.000+00:00
a6c25efc-9b56-40c2-9aed-88338f7b34c4,"{'activity_balance': 74, 'body_temperature': 93, 'hrv_balance': 86, 'previous_day_activity': 76, 'previous_night': 37, 'recovery_index': 51, 'resting_heart_rate': 91, 'sleep_balance': 54, 'sleep_regularity': 77}",2025-07-07,68,-0.34,0.07,2025-07-07T00:00:00.000+00:00
e46837de-1e7e-41dc-ba12-5aacf6535d2c,"{'activity_balance': 78, 'body_temperature': 100, 'hrv_balance': 86, 'previous_day_activity': 95, 'previous_night': 78, 'recovery_index': 100, 'resting_heart_rate': 100, 'sleep_balance': 69, 'sleep_regularity': 80}",2025-07-08,85,-0.02,0.16,2025-07-08T00:00:00.000+00:00
b280e9cb-07c5-48e4-bad9-64a116d751ab,"{'activity_balance': 76, 'body_temperature': 74, 'hrv_balance': 86, 'previous_day_activity': 99, 'previous_night': 70, 'recovery_index': 70, 'resting_heart_rate': 92, 'sleep_balance': 67, 'sleep_regularity': 80}",2025-07-09,79,0.38,0.25,2025-07-09T00:00:00.000+00:00
363e3760-0931-46e7-b224-4f2b71dbe313,"{'activity_balance': 77, 'body_temperature': 100, 'hrv_balance': 86, 'previous_day_activity': 99, 'previous_night': 70, 'recovery_index': 82, 'resting_heart_rate': 84, 'sleep_balance': 65, 'sleep_regularity': 80}",2025-07-10,80,0.2,0.0,2025-07-10T00:00:00.000+00:00
44d719a7-e78c-4058-a4d6-d7b547cd654c,"{'activity_balance': 79, 'body_temperature': 78, 'hrv_balance': 89, 'previous_day_activity': 70, 'previous_night': 55, 'recovery_index': 58, 'resting_heart_rate': 97, 'sleep_balance': 68, 'sleep_regularity': 80}",2025-07-11,75,0.32,0.26,2025-07-11T00:00:00.000+00:00
eb0f30b5-35c5-426a-ab4c-2067a506ed78,"{'activity_balance': 87, 'body_temperature': 81, 'hrv_balance': 88, 'previous_day_activity': 85, 'previous_night': 83, 'recovery_index': 100, 'resting_heart_rate': 93, 'sleep_balance': 79, 'sleep_regularity': 80}",2025-07-12,87,0.29,0.38,2025-07-12T00:00:00.000+00:00
821e0018-5a06-463a-90df-07edf6e85d7b,"{'activity_balance': 82, 'body_temperature': 100, 'hrv_balance': 87, 'previous_day_activity': 92, 'previous_night': 63, 'recovery_index': 63, 'resting_heart_rate': 90, 'sleep_balance': 67, 'sleep_regularity': 80}",2025-07-13,78,-0.06,0.19,2025-07-13T00:00:00.000+00:00
60dfc500-4c4e-4626-8642-0bb1b4231d24,"{'activity_balance': 85, 'body_temperature': 91, 'hrv_balance': 93, 'previous_day_activity': 55, 'previous_night': 70, 'recovery_index': 98, 'resting_heart_rate': 98, 'sleep_balance': 76, 'sleep_regularity': 77}",2025-07-14,82,-0.42,0.08,2025-07-14T00:00:00.000+00:00
e9882e06-bad2-4e56-8f46-8d44b9221b5e,"{'activity_balance': 90, 'body_temperature': 92, 'hrv_balance': 92, 'previous_day_activity': 97, 'previous_night': 93, 'recovery_index': 94, 'resting_heart_rate': 81, 'sleep_balance': 79, 'sleep_regularity': 77}",2025-07-15,88,-0.39,0.01,2025-07-15T00:00:00.000+00:00
99bb7970-2a3e-43e5-a348-f33b5a01d602,"{'activity_balance': 83, 'body_temperature': 97, 'hrv_balance': 94, 'previous_day_activity': 87, 'previous_night': 70, 'recovery_index': 100, 'resting_heart_rate': 86, 'sleep_balance': 72, 'sleep_regularity': 77}",2025-07-16,83,-0.24,-0.13,2025-07-16T00:00:00.000+00:00
a641e0c4-76f7-4ee3-a1f7-d16e44736d5c,"{'activity_balance': 91, 'body_temperature': 100, 'hrv_balance': 95, 'previous_day_activity': 98, 'previous_night': 80, 'recovery_index': 62, 'resting_heart_rate': 100, 'sleep_balance': 80, 'sleep_regularity': 81}",2025-07-17,86,-0.1,-0.23,2025-07-17T00:00:00.000+00:00
d3855c30-b675-43b4-a1d5-823186292a7d,"{'activity_balance': 84, 'body_temperature': 94, 'hrv_balance': 99, 'previous_day_activity': 50, 'previous_night': 75, 'recovery_index': 87, 'resting_heart_rate': 99, 'sleep_balance': 73, 'sleep_regularity': 82}",2025-07-18,82,-0.33,-0.27,2025-07-18T00:00:00.000+00:00
34051991-644e-452c-821d-d9f4d430acc2,"{'activity_balance': 95, 'body_temperature': 86, 'hrv_balance': 97, 'previous_day_activity': 94, 'previous_night': 95, 'recovery_index': 100, 'resting_heart_rate': 86, 'sleep_balance': 88, 'sleep_regularity': 84}",2025-07-19,92,0.23,0.02,2025-07-19T00:00:00.000+00:00
21529f1d-07d0-4941-80d3-07f11b772911,"{'activity_balance': 90, 'body_temperature': 99, 'hrv_balance': 99, 'previous_day_activity': 96, 'previous_night': 95, 'recovery_index': 100, 'resting_heart_rate': 96, 'sleep_balance': 84, 'sleep_regularity': 84}",2025-07-20,93,-0.19,-0.12,2025-07-20T00:00:00.000+00:00
9fc5bdc6-2a81-4c3a-a03c-da23be93ae09,"{'activity_balance': 89, 'body_temperature': 89, 'hrv_balance': 99, 'previous_day_activity': 89, 'previous_night': 84, 'recovery_index': 74, 'resting_heart_rate': 79, 'sleep_balance': 84, 'sleep_regularity': 82}",2025-07-21,85,-0.46,-0.2,2025-07-21T00:00:00.000+00:00
14376f9e-d355-4f93-bd66-d117f1d1dd99,"{'activity_balance': 94, 'body_temperature': 100, 'hrv_balance': 97, 'previous_day_activity': 90, 'previous_night': 82, 'recovery_index': 90, 'resting_heart_rate': 97, 'sleep_balance': 94, 'sleep_regularity': 82}",2025-07-22,91,0.03,0.12,2025-07-22T00:00:00.000+00:00
a5502242-b9d2-4332-bcc1-0a12dc99a0e6,"{'activity_balance': 84, 'body_temperature': 100, 'hrv_balance': 100, 'previous_day_activity': 81, 'previous_night': 82, 'recovery_index': 91, 'resting_heart_rate': 91, 'sleep_balance': 92, 'sleep_regularity': 82}",2025-07-23,89,-0.11,-0.15,2025-07-23T00:00:00.000+00:00
7ab8b447-0389-4ba9-93ce-0f7d71dd0671,"{'activity_balance': 96, 'body_temperature': 95, 'hrv_balance': 98, 'previous_day_activity': 96, 'previous_night': 59, 'recovery_index': 71, 'resting_heart_rate': 100, 'sleep_balance': 86, 'sleep_regularity': 82}",2025-07-24,86,-0.3,-0.24,2025-07-24T00:00:00.000+00:00
370811e1-47aa-4d45-903f-9dcc13fdfa8d,"{'activity_balance': 90, 'body_temperature': 97, 'hrv_balance': 96, 'previous_day_activity': 91, 'previous_night': 60, 'recovery_index': 48, 'resting_heart_rate': 98, 'sleep_balance': 84, 'sleep_regularity': 82}",2025-07-25,82,-0.22,-0.03,2025-07-25T00:00:00.000+00:00
bdc5353a-be42-4476-9f33-154322209504,"{'activity_balance': 93, 'body_temperature': 100, 'hrv_balance': 98, 'previous_day_activity': 92, 'previous_night': 90, 'recovery_index': 100, 'resting_heart_rate': 73, 'sleep_balance': 88, 'sleep_regularity': 82}",2025-07-26,89,0.01,-0.04,2025-07-26T00:00:00.000+00:00
5ae9831a-40e3-4460-8fbe-00b55abab2fc,"{'activity_balance': 91, 'body_temperature': 100, 'hrv_balance': 97, 'previous_day_activity': 93, 'previous_night': 95, 'recovery_index': 68, 'resting_heart_rate': 98, 'sleep_balance': 82, 'sleep_regularity': 87}",2025-07-27,90,0.0,-0.1,2025-07-27T00:00:00.000+00:00
38e29563-3da6-4ab0-8a4d-bf79d461e72b,"{'activity_balance': 95, 'body_temperature': 97, 'hrv_balance': 94, 'previous_day_activity': 100, 'previous_night': 72, 'recovery_index': 35, 'resting_heart_rate': 88, 'sleep_balance': 78, 'sleep_regularity': 87}",2025-07-28,82,-0.23,-0.12,2025-07-28T00:00:00.000+00:00
169c6a48-4b97-4694-9426-3261cc7f684a,"{'activity_balance': 91, 'body_temperature': 93, 'hrv_balance': 94, 'previous_day_activity': 71, 'previous_night': 80, 'recovery_index': 95, 'resting_heart_rate': 96, 'sleep_balance': 84, 'sleep_regularity': 87}",2025-07-29,88,-0.35,-0.07,2025-07-29T00:00:00.000+00:00
763a6e8c-93d2-44a7-b0b5-2a4f54bb2a7b,"{'activity_balance': 94, 'body_temperature': 94, 'hrv_balance': 88, 'previous_day_activity': 95, 'previous_night': 75, 'recovery_index': 66, 'resting_heart_rate': 88, 'sleep_balance': 82, 'sleep_regularity': 87}",2025-07-30,84,-0.32,-0.12,2025-07-30T00:00:00.000+00:00
0fdd8fcf-082d-4061-9f0b-500fe6df5bec,"{'activity_balance': 91, 'body_temperature': 100, 'hrv_balance': 93, 'previous_day_activity': 84, 'previous_night': 73, 'recovery_index': 84, 'resting_heart_rate': 88, 'sleep_balance': 81, 'sleep_regularity': 87}",2025-07-31,85,-0.16,-0.17,2025-07-31T00:00:00.000+00:00
3398cab4-2bf0-498a-b482-6701ca3ba98c,"{'activity_balance': 95, 'body_temperature': 100, 'hrv_balance': 92, 'previous_day_activity': 97, 'previous_night': 88, 'recovery_index': 89, 'resting_heart_rate': 96, 'sleep_balance': 79, 'sleep_regularity': 87}",2025-08-01,90,-0.07,-0.18,2025-08-01T00:00:00.000+00:00
79404a66-ab43-4d8f-a712-68252169a626,"{'activity_balance': 91, 'body_temperature': 57, 'hrv_balance': 79, 'previous_day_activity': 76, 'previous_night': 1, 'recovery_index': 2, 'resting_heart_rate': 23, 'sleep_balance': 63, 'sleep_regularity': 87}",2025-08-02,44,0.58,0.12,2025-08-02T00:00:00.000+00:00
f10e23cd-8972-46fc-977c-b631edcb7e34,"{'activity_balance': 99, 'body_temperature': 77, 'hrv_balance': 92, 'previous_day_activity': 84, 'previous_night': 90, 'recovery_index': 83, 'resting_heart_rate': 89, 'sleep_balance': 81, 'sleep_regularity': 87}",2025-08-03,88,0.35,0.1,2025-08-03T00:00:00.000+00:00
fd2ce60d-3ea1-4a1b-929b-20c93552c9fd,"{'activity_balance': 94, 'body_temperature': 100, 'hrv_balance': 86, 'previous_day_activity': 96, 'previous_night': 75, 'recovery_index': 100, 'resting_heart_rate': 65, 'sleep_balance': 59, 'sleep_regularity': 87}",2025-08-04,80,0.11,0.17,2025-08-04T00:00:00.000+00:00
8f932b29-cb31-4591-bd91-17176bdb1145,"{'activity_balance': 100, 'body_temperature': 100, 'hrv_balance': 82, 'previous_day_activity': 96, 'previous_night': 88, 'recovery_index': 76, 'resting_heart_rate': 74, 'sleep_balance': 72, 'sleep_regularity': 87}",2025-08-05,83,0.17,0.42,2025-08-05T00:00:00.000+00:00
083f2d6c-0671-4aa2-bbfc-6d9202b7d477,"{'activity_balance': 98, 'body_temperature': 100, 'hrv_balance': 86, 'previous_day_activity': 93, 'previous_night': 50, 'recovery_index': 100, 'resting_heart_rate': 58, 'sleep_balance': 62, 'sleep_regularity': 87}",2025-08-06,76,0.19,0.29,2025-08-06T00:00:00.000+00:00
e86ce75e-3ca0-463a-9151-399a0adf3448,"{'activity_balance': 98, 'body_temperature': 80, 'hrv_balance': 76, 'previous_day_activity': 83, 'previous_night': 65, 'recovery_index': 24, 'resting_heart_rate': 67, 'sleep_balance': 73, 'sleep_regularity': 87}",2025-08-07,71,0.3,0.25,2025-08-07T00:00:00.000+00:00
35bd8c22-d572-4ed6-b1c7-74872cb4ef49,"{'activity_balance': 96, 'body_temperature': 94, 'hrv_balance': 72, 'previous_day_activity': 78, 'previous_night': 60, 'recovery_index': 39, 'resting_heart_rate': 20, 'sleep_balance': 65, 'sleep_regularity': 73}",2025-08-08,61,0.13,0.22,2025-08-08T00:00:00.000+00:00
3794c398-6b6e-4bf5-b6b8-03411d0b2bcb,"{'activity_balance': 98, 'body_temperature': 87, 'hrv_balance': 77, 'previous_day_activity': 94, 'previous_night': 53, 'recovery_index': 29, 'resting_heart_rate': 45, 'sleep_balance': 65, 'sleep_regularity': 73}",2025-08-09,65,0.22,0.28,2025-08-09T00:00:00.000+00:00
e1d61df2-73e6-4501-9055-0bf08e80dd1b,"{'activity_balance': 91, 'body_temperature': 100, 'hrv_balance': 77, 'previous_day_activity': 81, 'previous_night': 98, 'recovery_index': 100, 'resting_heart_rate': 96, 'sleep_balance': 73, 'sleep_regularity': 71}",2025-08-10,86,-0.13,0.15,2025-08-10T00:00:00.000+00:00
1ffb28f4-e8d0-4c04-b485-d93cbc1eedaf,"{'activity_balance': 87, 'body_temperature': 100, 'hrv_balance': 65, 'previous_day_activity': 72, 'previous_night': 60, 'recovery_index': 57, 'resting_heart_rate': 100, 'sleep_balance': 59, 'sleep_regularity': 71}",2025-08-11,71,0.05,0.16,2025-08-11T00:00:00.000+00:00
8e34ee20-c257-4375-8171-cb256d9fbff5,"{'activity_balance': 92, 'body_temperature': 100, 'hrv_balance': 82, 'previous_day_activity': 91, 'previous_night': 93, 'recovery_index': 52, 'resting_heart_rate': 100, 'sleep_balance': 79, 'sleep_regularity': 73}",2025-08-12,84,0.05,0.13,2025-08-12T00:00:00.000+00:00
b75dc630-227a-43c5-86db-d06497a2318b,"{'activity_balance': 85, 'body_temperature': 93, 'hrv_balance': 73, 'previous_day_activity': 99, 'previous_night': 92, 'recovery_index': 100, 'resting_heart_rate': 76, 'sleep_balance': 78, 'sleep_regularity': 73}",2025-08-13,84,0.15,0.07,2025-08-13T00:00:00.000+00:00
f310dfa4-f479-46c2-9bf6-000de9c3fbb3,"{'activity_balance': 88, 'body_temperature': 80, 'hrv_balance': 84, 'previous_day_activity': 90, 'previous_night': 69, 'recovery_index': 100, 'resting_heart_rate': 100, 'sleep_balance': 81, 'sleep_regularity': 73}",2025-08-14,85,0.3,0.19,2025-08-14T00:00:00.000+00:00
75a7dea2-1f7b-4ade-bee5-f3a3cfcfcbfa,"{'activity_balance': 82, 'body_temperature': 100, 'hrv_balance': 86, 'previous_day_activity': 80, 'previous_night': 58, 'recovery_index': 71, 'resting_heart_rate': 91, 'sleep_balance': 80, 'sleep_regularity': 77}",2025-08-15,78,-0.01,0.09,2025-08-15T00:00:00.000+00:00
f83dfba0-5a9f-49d6-834f-469f7823d39c,"{'activity_balance': 92, 'body_temperature': 99, 'hrv_balance': 86, 'previous_day_activity': 90, 'previous_night': 88, 'recovery_index': 100, 'resting_heart_rate': 100, 'sleep_balance': 90, 'sleep_regularity': 77}",2025-08-16,91,-0.19,0.09,2025-08-16T00:00:00.000+00:00
0cbb6593-67c6-4167-9b43-38d37cc536a9,"{'activity_balance': 88, 'body_temperature': 99, 'hrv_balance': 84, 'previous_day_activity': 97, 'previous_night': 95, 'recovery_index': 73, 'resting_heart_rate': 100, 'sleep_balance': 87, 'sleep_regularity': 77}",2025-08-17,88,-0.17,0.09,2025-08-17T00:00:00.000+00:00
60d2159e-7e3d-407a-886e-0eb4550266d1,"{'activity_balance': 86, 'body_temperature': 95, 'hrv_balance': 90, 'previous_day_activity': 79, 'previous_night': 52, 'recovery_index': 82, 'resting_heart_rate': 90, 'sleep_balance': 77, 'sleep_regularity': 81}",2025-08-18,79,-0.31,-0.11,2025-08-18T00:00:00.000+00:00
b4220334-abaa-4f98-8ea8-df7ea57b78b6,"{'activity_balance': 81, 'body_temperature': 82, 'hrv_balance': 86, 'previous_day_activity': 76, 'previous_night': 90, 'recovery_index': 100, 'resting_heart_rate': 100, 'sleep_balance': 95, 'sleep_regularity': 81}",2025-08-19,89,0.27,0.04,2025-08-19T00:00:00.000+00:00
063e0110-f033-4a5e-9fe6-fd17787ae99b,"{'activity_balance': 90, 'body_temperature': 100, 'hrv_balance': 93, 'previous_day_activity': 94, 'previous_night': 97, 'recovery_index': 100, 'resting_heart_rate': 91, 'sleep_balance': 83, 'sleep_regularity': 80}",2025-08-20,91,-0.05,-0.11,2025-08-20T00:00:00.000+00:00
a92d38a3-356f-4cdf-a331-8d2cb5018013,"{'activity_balance': 77, 'body_temperature': 90, 'hrv_balance': 89, 'previous_day_activity': 76, 'previous_night': 57, 'recovery_index': 100, 'resting_heart_rate': 94, 'sleep_balance': 87, 'sleep_regularity': 80}",2025-08-21,82,0.19,0.02,2025-08-21T00:00:00.000+00:00
39784dbd-c382-4982-90b4-db7f82ccf1fb,"{'activity_balance': 85, 'body_temperature': 100, 'hrv_balance': 89, 'previous_day_activity': 94, 'previous_night': 73, 'recovery_index': 80, 'resting_heart_rate': 70, 'sleep_balance': 89, 'sleep_regularity': 80}",2025-08-22,82,-0.07,0.09,2025-08-22T00:00:00.000+00:00
537e4496-875d-4305-b453-aaf6419f8174,"{'activity_balance': 78, 'body_temperature': 100, 'hrv_balance': 91, 'previous_day_activity': 72, 'previous_night': 80, 'recovery_index': 96, 'resting_heart_rate': 79, 'sleep_balance': 87, 'sleep_regularity': 80}",2025-08-23,83,0.22,0.13,2025-08-23T00:00:00.000+00:00
e3f12fe4-7ae6-4355-b4f1-78b9a8a0a284,"{'activity_balance': 74, 'body_temperature': 97, 'hrv_balance': 90, 'previous_day_activity': 44, 'previous_night': 55, 'recovery_index': 41, 'resting_heart_rate': 100, 'sleep_balance': 77, 'sleep_regularity': 80}",2025-08-24,72,-0.25,0.0,2025-08-24T00:00:00.000+00:00
043abc4b-2892-4a75-9220-48a926598bcc,"{'activity_balance': 84, 'body_temperature': 95, 'hrv_balance': 88, 'previous_day_activity': 86, 'previous_night': 93, 'recovery_index': 46, 'resting_heart_rate': 100, 'sleep_balance': 84, 'sleep_regularity': 80}",2025-08-25,84,-0.28,-0.05,2025-08-25T00:00:00.000+00:00
d1b3c61c-7776-4799-9e9d-e2c0fd179d19,"{'activity_balance': 74, 'body_temperature': 97, 'hrv_balance': 90, 'previous_day_activity': 78, 'previous_night': 90, 'recovery_index': 60, 'resting_heart_rate': 100, 'sleep_balance': 76, 'sleep_regularity': 80}",2025-08-26,83,-0.23,0.0,2025-08-26T00:00:00.000+00:00
b4b7fe9d-525d-4e30-b433-7a88a8e736fc,"{'activity_balance': 74, 'body_temperature': 98, 'hrv_balance': 91, 'previous_day_activity': 82, 'previous_night': 65, 'recovery_index': 96, 'resting_heart_rate': 95, 'sleep_balance': 74, 'sleep_regularity': 80}",2025-08-27,82,0.09,-0.06,2025-08-27T00:00:00.000+00:00
99ad8d0e-3ae6-4215-bdbc-8b5871c90eee,"{'activity_balance': 72, 'body_temperature': 98, 'hrv_balance': 89, 'previous_day_activity': 78, 'previous_night': 88, 'recovery_index': 94, 'resting_heart_rate': 79, 'sleep_balance': 80, 'sleep_regularity': 80}",2025-08-28,83,-0.21,-0.18,2025-08-28T00:00:00.000+00:00
0ff36061-c9b4-4545-8cc7-11938cc47d0b,"{'activity_balance': 78, 'body_temperature': 100, 'hrv_balance': 96, 'previous_day_activity': 97, 'previous_night': 88, 'recovery_index': 100, 'resting_heart_rate': 100, 'sleep_balance': 82, 'sleep_regularity': 80}",2025-08-29,90,-0.13,-0.07,2025-08-29T00:00:00.000+00:00
e3cf1bb2-6d10-44e5-be7a-f2e4813f4ef7,"{'activity_balance': 63, 'body_temperature': 97, 'hrv_balance': 88, 'previous_day_activity': 44, 'previous_night': 85, 'recovery_index': 99, 'resting_heart_rate': 71, 'sleep_balance': 86, 'sleep_regularity': 83}",2025-08-30,78,-0.24,-0.04,2025-08-30T00:00:00.000+00:00
d77cca60-fa77-428c-98b6-38fb9e846145,"{'activity_balance': 74, 'body_temperature': 100, 'hrv_balance': 95, 'previous_day_activity': 84, 'previous_night': 53, 'recovery_index': 94, 'resting_heart_rate': 96, 'sleep_balance': 82, 'sleep_regularity': 83}",2025-08-31,82,-0.03,-0.06,2025-08-31T00:00:00.000+00:00
1967f638-77c9-4c53-9b83-90536d4e2f5c,"{'activity_balance': 74, 'body_temperature': 99, 'hrv_balance': 91, 'previous_day_activity': 100, 'previous_night': 93, 'recovery_index': 100, 'resting_heart_rate': 100, 'sleep_balance': 98, 'sleep_regularity': 83}",2025-09-01,93,-0.18,-0.11,2025-09-01T00:00:00.000+00:00
d3e60437-ac32-4a91-afbf-eca9486e0ac4,"{'activity_balance': 69, 'body_temperature': 91, 'hrv_balance': 95, 'previous_day_activity': 62, 'previous_night': 95, 'recovery_index': 100, 'resting_heart_rate': 100, 'sleep_balance': 90, 'sleep_regularity': 83}",2025-09-02,88,-0.4,-0.2,2025-09-02T00:00:00.000+00:00
6681a6a2-d069-4ccb-a533-1a42565066b5,"{'activity_balance': 77, 'body_temperature': 90, 'hrv_balance': 94, 'previous_day_activity': 89, 'previous_night': 79, 'recovery_index': 100, 'resting_heart_rate': 94, 'sleep_balance': 95, 'sleep_regularity': 83}",2025-09-03,89,-0.45,-0.17,2025-09-03T00:00:00.000+00:00
205e3630-394c-4ace-ad4d-eae727205938,"{'activity_balance': 75, 'body_temperature': 95, 'hrv_balance': 95, 'previous_day_activity': 81, 'previous_night': 65, 'recovery_index': 84, 'resting_heart_rate': 100, 'sleep_balance': 92, 'sleep_regularity': 83}",2025-09-04,85,-0.31,-0.22,2025-09-04T00:00:00.000+00:00
9351b249-a703-4d3f-9b46-51bb0d4ccd01,"{'activity_balance': 81, 'body_temperature': 96, 'hrv_balance': 95, 'previous_day_activity': 94, 'previous_night': 70, 'recovery_index': 61, 'resting_heart_rate': 100, 'sleep_balance': 87, 'sleep_regularity': 83}",2025-09-06,85,-0.26,-0.29,2025-09-06T00:00:00.000+00:00
ed7e6323-5927-4b2a-98ec-af321d4b0e2b,"{'activity_balance': 79, 'body_temperature': 100, 'hrv_balance': 96, 'previous_day_activity': 76, 'previous_night': 83, 'recovery_index': 63, 'resting_heart_rate': 100, 'sleep_balance': 84, 'sleep_regularity': 83}",2025-09-07,85,-0.05,-0.12,2025-09-07T00:00:00.000+00:00
0ca0c03d-905b-474a-a046-41b20b075a12,"{'activity_balance': 82, 'body_temperature': 91, 'hrv_balance': 93, 'previous_day_activity': 91, 'previous_night': 70, 'recovery_index': 88, 'resting_heart_rate': 97, 'sleep_balance': 75, 'sleep_regularity': 83}",2025-09-08,85,-0.42,-0.28,2025-09-08T00:00:00.000+00:00
6183031c-f9c2-48e9-8cf4-febca02d184a,"{'activity_balance': 72, 'body_temperature': 93, 'hrv_balance': 92, 'previous_day_activity': 73, 'previous_night': 65, 'recovery_index': 95, 'resting_heart_rate': 91, 'sleep_balance': 78, 'sleep_regularity': 83}",2025-09-09,81,-0.37,-0.21,2025-09-09T00:00:00.000+00:00
3a28609d-8528-407c-83e9-aff5c51fd51c,"{'activity_balance': 74, 'body_temperature': 100, 'hrv_balance': 85, 'previous_day_activity': 35, 'previous_night': 53, 'recovery_index': 31, 'resting_heart_rate': 27, 'sleep_balance': 73, 'sleep_regularity': 83}",2025-09-10,58,-0.06,-0.08,2025-09-10T00:00:00.000+00:00
f9ec739b-7aa5-4959-90ee-124b86dce2be,"{'activity_balance': 74, 'body_temperature': 92, 'hrv_balance': 97, 'previous_day_activity': 82, 'previous_night': 60, 'recovery_index': 11, 'resting_heart_rate': 100, 'sleep_balance': 75, 'sleep_regularity': 83}",2025-09-11,75,-0.38,-0.34,2025-09-11T00:00:00.000+00:00
fb4c2b05-74ed-44b1-845a-17231d8f3bd8,"{'activity_balance': 68, 'body_temperature': 87, 'hrv_balance': 85, 'previous_day_activity': 85, 'previous_night': 78, 'recovery_index': 94, 'resting_heart_rate': 59, 'sleep_balance': 78, 'sleep_regularity': 83}",2025-09-12,78,-0.52,-0.32,2025-09-12T00:00:00.000+00:00
62b8257c-9bc0-45a7-bc82-7a5309278a0c,"{'activity_balance': 70, 'body_temperature': 100, 'hrv_balance': 88, 'previous_day_activity': 86, 'previous_night': 63, 'recovery_index': 40, 'resting_heart_rate': 68, 'sleep_balance': 72, 'sleep_regularity': 85}",2025-09-13,72,-0.04,-0.08,2025-09-13T00:00:00.000+00:00
20ff7368-f9e2-4b7e-a0d1-f1d8497150f2,"{'activity_balance': 72, 'body_temperature': 100, 'hrv_balance': 90, 'previous_day_activity': 92, 'previous_night': 98, 'recovery_index': 100, 'resting_heart_rate': 77, 'sleep_balance': 95, 'sleep_regularity': 84}",2025-09-14,89,-0.15,-0.28,2025-09-14T00:00:00.000+00:00
1df4599a-5438-400b-b3bf-8a6b2bc04b6f,"{'activity_balance': 64, 'body_temperature': 100, 'hrv_balance': 87, 'previous_day_activity': 50, 'previous_night': 57, 'recovery_index': 72, 'resting_heart_rate': 61, 'sleep_balance': 74, 'sleep_regularity': 84}",2025-09-15,69,0.13,-0.13,2025-09-15T00:00:00.000+00:00
81cbefe2-eb99-47f8-916a-7c519d2611a9,"{'activity_balance': 68, 'body_temperature': 100, 'hrv_balance': 86, 'previous_day_activity': 63, 'previous_night': 55, 'recovery_index': 70, 'resting_heart_rate': 86, 'sleep_balance': 91, 'sleep_regularity': 84}",2025-09-16,76,-0.03,-0.02,2025-09-16T00:00:00.000+00:00
ec1ce21a-822c-405b-be75-da23089b3a70,"{'activity_balance': 74, 'body_temperature': 100, 'hrv_balance': 85, 'previous_day_activity': 96, 'previous_night': 88, 'recovery_index': 100, 'resting_heart_rate': 100, 'sleep_balance': 98, 'sleep_regularity': 84}",2025-09-17,91,0.15,0.06,2025-09-17T00:00:00.000+00:00
642588f5-8a98-4388-9bcd-29e0a82b9855,"{'activity_balance': 66, 'body_temperature': 99, 'hrv_balance': 83, 'previous_day_activity': 92, 'previous_night': 60, 'recovery_index': 86, 'resting_heart_rate': 86, 'sleep_balance': 84, 'sleep_regularity': 81}",2025-09-18,79,0.28,0.19,2025-09-18T00:00:00.000+00:00
26623753-abaa-42e7-a74d-e935a38c36ae,"{'activity_balance': 72, 'body_temperature': 100, 'hrv_balance': 76, 'previous_day_activity': 96, 'previous_night': 55, 'recovery_index': 50, 'resting_heart_rate': 54, 'sleep_balance': 85, 'sleep_regularity': 82}",2025-09-19,71,-0.16,-0.01,2025-09-19T00:00:00.000+00:00
5ef3b58f-216c-498a-8a5d-1ee7200bb486,"{'activity_balance': 70, 'body_temperature': 99, 'hrv_balance': 82, 'previous_day_activity': 84, 'previous_night': 95, 'recovery_index': 100, 'resting_heart_rate': 100, 'sleep_balance': 98, 'sleep_regularity': 82}",2025-09-20,90,0.28,0.26,2025-09-20T00:00:00.000+00:00
5959ac3b-bc3f-4402-8c51-2f47bae0f28c,"{'activity_balance': 78, 'body_temperature': 99, 'hrv_balance': 82, 'previous_day_activity': 91, 'previous_night': 67, 'recovery_index': 82, 'resting_heart_rate': 100, 'sleep_balance': 80, 'sleep_regularity': 82}",2025-09-21,83,0.08,0.15,2025-09-21T00:00:00.000+00:00
dd27c264-d4db-482b-b2ae-a6063bddfc6b,"{'activity_balance': 78, 'body_temperature': 100, 'hrv_balance': 72, 'previous_day_activity': 94, 'previous_night': 98, 'recovery_index': 100, 'resting_heart_rate': 100, 'sleep_balance': 97, 'sleep_regularity': 82}",2025-09-22,90,0.24,0.12,2025-09-22T00:00:00.000+00:00
4d2088e1-3ea4-4784-b480-fa35dac31c3c,"{'activity_balance': 74, 'body_temperature': 95, 'hrv_balance': 70, 'previous_day_activity': 85, 'previous_night': 45, 'recovery_index': 87, 'resting_heart_rate': 68, 'sleep_balance': 88, 'sleep_regularity': 82}",2025-09-23,73,0.33,0.3,2025-09-23T00:00:00.000+00:00
f93aab2b-172b-4a2a-961b-6d8b03518591,"{'activity_balance': 79, 'body_temperature': 100, 'hrv_balance': 74, 'previous_day_activity': 50, 'previous_night': 50, 'recovery_index': 98, 'resting_heart_rate': 53, 'sleep_balance': 95, 'sleep_regularity': 78}",2025-09-24,71,0.23,0.22,2025-09-24T00:00:00.000+00:00
ee9a056a-87cc-4ff6-acd0-6dd1cf29abce,"{'activity_balance': 77, 'body_temperature': 100, 'hrv_balance': 68, 'previous_day_activity': 95, 'previous_night': 53, 'recovery_index': 100, 'resting_heart_rate': 70, 'sleep_balance': 90, 'sleep_regularity': 78}",2025-09-25,77,0.19,0.29,2025-09-25T00:00:00.000+00:00
3dce97a2-c00a-47d9-9d02-172580d1ba8b,"{'activity_balance': 73, 'body_temperature': 96, 'hrv_balance': 62, 'previous_day_activity': 75, 'previous_night': 53, 'recovery_index': 93, 'resting_heart_rate': 79, 'sleep_balance': 90, 'sleep_regularity': 81}",2025-09-26,75,0.31,0.35,2025-09-26T00:00:00.000+00:00
05ef080b-b398-4af4-afdd-cb76f365d27f,"{'activity_balance': 82, 'body_temperature': 100, 'hrv_balance': 65, 'previous_day_activity': 100, 'previous_night': 75, 'recovery_index': 76, 'resting_heart_rate': 100, 'sleep_balance': 87, 'sleep_regularity': 81}",2025-09-27,83,0.26,0.28,2025-09-27T00:00:00.000+00:00
8d01fd93-2ffe-4106-9a50-2d34f1ae4977,"{'activity_balance': 78, 'body_temperature': 92, 'hrv_balance': 73, 'previous_day_activity': 100, 'previous_night': 95, 'recovery_index': 100, 'resting_heart_rate': 91, 'sleep_balance': 87, 'sleep_regularity': 81}",2025-09-28,88,0.36,0.34,2025-09-28T00:00:00.000+00:00
31961ba4-cf58-478e-9c65-9d38f945160c,"{'activity_balance': 83, 'body_temperature': 99, 'hrv_balance': 75, 'previous_day_activity': 97, 'previous_night': 72, 'recovery_index': 78, 'resting_heart_rate': 91, 'sleep_balance': 79, 'sleep_regularity': 81}",2025-09-29,81,-0.16,0.18,2025-09-29T00:00:00.000+00:00
ccb6723c-613f-414e-8fe5-8609e0c26165,"{'activity_balance': 84, 'body_temperature': 100, 'hrv_balance': 74, 'previous_day_activity': 88, 'previous_night': 70, 'recovery_index': 90, 'resting_heart_rate': 100, 'sleep_balance': 87, 'sleep_regularity': 81}",2025-09-30,84,0.11,0.28,2025-09-30T00:00:00.000+00:00
fe0a27b6-9cff-4e57-87e2-c99197e51e4c,"{'activity_balance': 91, 'body_temperature': 100, 'hrv_balance': 86, 'previous_day_activity': 98, 'previous_night': 73, 'recovery_index': 96, 'resting_heart_rate': 100, 'sleep_balance': 84, 'sleep_regularity': 81}",2025-10-01,88,0.01,0.18,2025-10-01T00:00:00.000+00:00
2101155e-fd14-4600-ab3c-3afa0bc0b579,"{'activity_balance': 90, 'body_temperature': 100, 'hrv_balance': 86, 'previous_day_activity': 96, 'previous_night': 83, 'recovery_index': 4, 'resting_heart_rate': 99, 'sleep_balance': 84, 'sleep_regularity': 81}",2025-10-02,80,-0.08,0.0,2025-10-02T00:00:00.000+00:00
08f73bcf-2722-4d6a-a501-8dbd1b96149e,"{'activity_balance': 92, 'body_temperature': 100, 'hrv_balance': 87, 'previous_day_activity': 87, 'previous_night': 88, 'recovery_index': 100, 'resting_heart_rate': 99, 'sleep_balance': 93, 'sleep_regularity': 89}",2025-10-03,92,0.01,0.11,2025-10-03T00:00:00.000+00:00
3b4fe56c-7ea9-49da-bdfa-e0bc7a374dfc,"{'activity_balance': 81, 'body_temperature': 90, 'hrv_balance': 89, 'previous_day_activity': 58, 'previous_night': 83, 'recovery_index': 100, 'resting_heart_rate': 100, 'sleep_balance': 89, 'sleep_regularity': 89}",2025-10-04,87,0.18,0.12,2025-10-04T00:00:00.000+00:00
fe47b168-b3b2-4211-be88-5d71c35b1d15,"{'activity_balance': 90, 'body_temperature': 94, 'hrv_balance': 89, 'previous_day_activity': 93, 'previous_night': 98, 'recovery_index': 65, 'resting_heart_rate': 94, 'sleep_balance': 97, 'sleep_regularity': 89}",2025-10-05,90,-0.32,-0.09,2025-10-05T00:00:00.000+00:00
839a8e40-a579-4fb4-a344-a44827e6a534,"{'activity_balance': 85, 'body_temperature': 87, 'hrv_balance': 91, 'previous_day_activity': 94, 'previous_night': 77, 'recovery_index': 100, 'resting_heart_rate': 100, 'sleep_balance': 93, 'sleep_regularity': 90}",2025-10-06,91,-0.53,-0.11,2025-10-06T00:00:00.000+00:00
7fab021c-2468-4cc9-988c-2864c29f5496,"{'activity_balance': 78, 'body_temperature': 100, 'hrv_balance': 90, 'previous_day_activity': 94, 'previous_night': 60, 'recovery_index': 100, 'resting_heart_rate': 100, 'sleep_balance': 94, 'sleep_regularity': 90}",2025-10-07,88,-0.07,0.04,2025-10-07T00:00:00.000+00:00
6ef20767-3b20-4f8d-9cab-09e33540b2a6,"{'activity_balance': 78, 'body_temperature': 98, 'hrv_balance': 89, 'previous_day_activity': 58, 'previous_night': 75, 'recovery_index': 66, 'resting_heart_rate': 79, 'sleep_balance': 99, 'sleep_regularity': 90}",2025-10-08,81,0.08,-0.14,2025-10-08T00:00:00.000+00:00
ddfbbdd2-aab8-4931-9e50-e316d45dfb56,"{'activity_balance': None, 'body_temperature': 100, 'hrv_balance': 93, 'previous_day_activity': None, 'previous_night': 68, 'recovery_index': 37, 'resting_heart_rate': 99, 'sleep_balance': 89, 'sleep_regularity': 90}",2025-10-09,81,0.03,-0.15,2025-10-09T00:00:00.000+00:00
4e32c37a-2e17-41b5-ae7b-e1f09313bcee,"{'activity_balance': None, 'body_temperature': 99, 'hrv_balance': 91, 'previous_day_activity': None, 'previous_night': 78, 'recovery_index': 100, 'resting_heart_rate': 96, 'sleep_balance': 95, 'sleep_regularity': 90}",2025-10-10,83,-0.18,-0.01,2025-10-10T00:00:00.000+00:00
f5675a38-2023-4528-a784-9b414e204000,"{'activity_balance': None, 'body_temperature': 100, 'hrv_balance': 83, 'previous_day_activity': None, 'previous_night': 68, 'recovery_index': 86, 'resting_heart_rate': 53, 'sleep_balance': 95, 'sleep_regularity': 89}",2025-10-11,80,-0.04,0.08,2025-10-11T00:00:00.000+00:00
74891a23-65aa-4a68-b225-540ed5a30249,"{'activity_balance': None, 'body_temperature': 94, 'hrv_balance': 90, 'previous_day_activity': None, 'previous_night': 73, 'recovery_index': 74, 'resting_heart_rate': 100, 'sleep_balance': 92, 'sleep_regularity': 89}",2025-10-12,82,-0.33,-0.09,2025-10-12T00:00:00.000+00:00
85c1ac19-5cd1-4274-a0eb-0c8fee373c4b,"{'activity_balance': None, 'body_temperature': 96, 'hrv_balance': 88, 'previous_day_activity': None, 'previous_night': 68, 'recovery_index': 28, 'resting_heart_rate': 96, 'sleep_balance': 92, 'sleep_regularity': 89}",2025-10-13,81,-0.28,-0.13,2025-10-13T00:00:00.000+00:00
8b395cee-da8d-4a9f-92f0-1f73dc406ced,"{'activity_balance': 87, 'body_temperature': 100, 'hrv_balance': 85, 'previous_day_activity': 89, 'previous_night': 68, 'recovery_index': 100, 'resting_heart_rate': 92, 'sleep_balance': 96, 'sleep_regularity': 89}",2025-10-14,83,-0.09,-0.06,2025-10-14T00:00:00.000+00:00
fa3fa9a7-4c61-47ed-918f-c88d050194f1,"{'activity_balance': 93, 'body_temperature': 99, 'hrv_balance': 79, 'previous_day_activity': 97, 'previous_night': 50, 'recovery_index': 83, 'resting_heart_rate': 76, 'sleep_balance': 88, 'sleep_regularity': 89}",2025-10-15,80,-0.19,-0.2,2025-10-15T00:00:00.000+00:00
5be2cfe8-011c-4006-8ea7-e5b0a74ec1df,"{'activity_balance': 90, 'body_temperature': 99, 'hrv_balance': 87, 'previous_day_activity': 83, 'previous_night': 58, 'recovery_index': 88, 'resting_heart_rate': 92, 'sleep_balance': 85, 'sleep_regularity': 89}",2025-10-16,83,-0.17,-0.14,2025-10-16T00:00:00.000+00:00
0537598c-fb66-4726-acf8-ce141b6552b1,"{'activity_balance': 87, 'body_temperature': 100, 'hrv_balance': 85, 'previous_day_activity': 83, 'previous_night': 90, 'recovery_index': 82, 'resting_heart_rate': 60, 'sleep_balance': 86, 'sleep_regularity': 89}",2025-10-17,82,-0.07,-0.05,2025-10-17T00:00:00.000+00:00
713a1c0f-3dd2-4fdd-a3ed-9d202fa2e1d7,"{'activity_balance': 93, 'body_temperature': 100, 'hrv_balance': 84, 'previous_day_activity': 87, 'previous_night': 100, 'recovery_index': 100, 'resting_heart_rate': 77, 'sleep_balance': 90, 'sleep_regularity': 89}",2025-10-18,89,-0.01,-0.06,2025-10-18T00:00:00.000+00:00
09213487-44bf-476f-9478-84dd1afbfb76,"{'activity_balance': 85, 'body_temperature': 87, 'hrv_balance': 86, 'previous_day_activity': 79, 'previous_night': 84, 'recovery_index': 100, 'resting_heart_rate': 93, 'sleep_balance': 83, 'sleep_regularity': 82}",2025-10-19,87,0.22,0.05,2025-10-19T00:00:00.000+00:00
f8f49510-1f2e-4f0d-9272-5077ccaf5d37,"{'activity_balance': 86, 'body_temperature': 100, 'hrv_balance': 81, 'previous_day_activity': 87, 'previous_night': 79, 'recovery_index': 79, 'resting_heart_rate': 77, 'sleep_balance': 91, 'sleep_regularity': 82}",2025-10-20,83,-0.07,0.0,2025-10-20T00:00:00.000+00:00
dbc33d30-9282-447b-842c-55876a4c8640,"{'activity_balance': 82, 'body_temperature': 85, 'hrv_balance': 80, 'previous_day_activity': 77, 'previous_night': 49, 'recovery_index': 95, 'resting_heart_rate': 53, 'sleep_balance': 91, 'sleep_regularity': 82}",2025-10-21,75,0.24,0.18,2025-10-21T00:00:00.000+00:00
91e7f01a-8bba-45a8-9170-224dfc8283d1,"{'activity_balance': 82, 'body_temperature': 85, 'hrv_balance': 85, 'previous_day_activity': 55, 'previous_night': 27, 'recovery_index': 67, 'resting_heart_rate': 30, 'sleep_balance': 85, 'sleep_regularity': 84}",2025-10-22,63,0.24,0.21,2025-10-22T00:00:00.000+00:00
b067e633-81c3-4a3c-be8f-78546721dbb4,"{'activity_balance': 83, 'body_temperature': 100, 'hrv_balance': 80, 'previous_day_activity': 79, 'previous_night': 38, 'recovery_index': 72, 'resting_heart_rate': 63, 'sleep_balance': 80, 'sleep_regularity': 84}",2025-10-23,71,0.24,0.16,2025-10-23T00:00:00.000+00:00
3ce9a702-7044-4d42-a564-3dd7c6f4f79d,"{'activity_balance': 81, 'body_temperature': 86, 'hrv_balance': 72, 'previous_day_activity': 89, 'previous_night': 90, 'recovery_index': 100, 'resting_heart_rate': 56, 'sleep_balance': 87, 'sleep_regularity': 84}",2025-10-24,81,0.23,0.28,2025-10-24T00:00:00.000+00:00
3191cbda-ccea-45f8-885f-c9a116d3abf3,"{'activity_balance': 78, 'body_temperature': 96, 'hrv_balance': 76, 'previous_day_activity': 84, 'previous_night': 47, 'recovery_index': 66, 'resting_heart_rate': 97, 'sleep_balance': 67, 'sleep_regularity': 84}",2025-10-25,74,0.31,0.31,2025-10-25T00:00:00.000+00:00
5e7cf551-3e60-4c58-b6ff-a8d134b4683f,"{'activity_balance': 74, 'body_temperature': 75, 'hrv_balance': 60, 'previous_day_activity': 22, 'previous_night': 50, 'recovery_index': 70, 'resting_heart_rate': 1, 'sleep_balance': 72, 'sleep_regularity': 84}",2025-10-26,52,0.36,0.33,2025-10-26T00:00:00.000+00:00
2da6493f-b211-4c0e-a49a-63a02ad81208,"{'activity_balance': 78, 'body_temperature': 84, 'hrv_balance': 67, 'previous_day_activity': 79, 'previous_night': 35, 'recovery_index': 45, 'resting_heart_rate': 66, 'sleep_balance': 70, 'sleep_regularity': 84}",2025-10-27,64,0.25,0.3,2025-10-27T00:00:00.000+00:00
695fee8f-018c-4c11-94e5-8c0a45296667,"{'activity_balance': 71, 'body_temperature': 87, 'hrv_balance': 63, 'previous_day_activity': 84, 'previous_night': 85, 'recovery_index': 74, 'resting_heart_rate': 75, 'sleep_balance': 80, 'sleep_regularity': 82}",2025-10-28,77,0.22,0.34,2025-10-28T00:00:00.000+00:00
212918fc-fd93-4e71-89ca-0554cec024c2,"{'activity_balance': 76, 'body_temperature': 84, 'hrv_balance': 60, 'previous_day_activity': 92, 'previous_night': 70, 'recovery_index': 85, 'resting_heart_rate': 75, 'sleep_balance': 67, 'sleep_regularity': 82}",2025-10-29,74,0.26,0.35,2025-10-29T00:00:00.000+00:00
36b25345-9b25-40ee-9be9-3489d71bc47d,"{'activity_balance': 68, 'body_temperature': 100, 'hrv_balance': 73, 'previous_day_activity': 84, 'previous_night': 85, 'recovery_index': 34, 'resting_heart_rate': 100, 'sleep_balance': 81, 'sleep_regularity': 83}",2025-10-30,78,0.02,0.21,2025-10-30T00:00:00.000+00:00
